id,hash,title,company,city,experience,skills_raw,description,url,date_posted,source,scraped_at
1,516cf196e6db637a,Développeur Full Stack React/Node.js,Orange Cameroun,Douala,2–5 ans,React - Node.js - MongoDB - Docker - Git,"Nous recherchons un développeur full stack maîtrisant React, Node.js, MongoDB. Expérience avec Docker et Git requise.",https://demo.example.com/516cf196e6db637a,2026-04-01,emploi_cm,2026-05-14T09:00:59.429253
2,ff86d11d1360a40c,Ingénieur DevOps,Afriland First Bank,Yaoundé,Expérience entre 2 ans et 5 ans,Docker - Kubernetes - AWS - CI/CD - Linux,"Poste d'ingénieur DevOps. Compétences requises: Docker, Kubernetes, AWS, pipelines CI/CD, administration Linux.",https://demo.example.com/ff86d11d1360a40c,2026-04-01,emploi_cm,2026-05-14T09:00:59.429253
3,2a78e8bc17dd0e52,Développeur Mobile Android/iOS,MTN Cameroun,Douala,Junior,Android - Flutter - Kotlin - Git - REST API,"Junior mobile developer needed. Skills: Android, Flutter, Kotlin, REST APIs, Git.",https://demo.example.com/2a78e8bc17dd0e52,2026-04-01,talent_cm,2026-05-14T09:00:59.429253
4,a6fe90563df2db77,Data Scientist,Société Générale Cameroun,Yaoundé,5 ans,Python - Machine Learning - TensorFlow - SQL - Power BI,"Data Scientist avec expérience en Machine Learning, Python, TensorFlow, analyse de données, SQL.",https://demo.example.com/a6fe90563df2db77,2026-04-01,talent_cm,2026-05-14T09:00:59.429253
5,59c5444dbb3a7f6b,Développeur Backend Python/Django,CAMTEL,Yaoundé,2 ans,Python - Django - PostgreSQL - REST API - Git,"Développeur backend Python Django, base de données PostgreSQL, API REST, versioning Git.",https://demo.example.com/59c5444dbb3a7f6b,2026-04-01,expertini_cm,2026-05-14T09:00:59.429253
6,d18834c1e1205b9b,Administrateur Système Linux,Ministère du Numérique,Yaoundé,3 ans,Linux - Bash - Networking - Apache - Nginx,"Administration système Linux, scripting Bash, réseaux TCP/IP, serveurs web Apache et Nginx.",https://demo.example.com/d18834c1e1205b9b,2026-04-01,expertini_cm,2026-05-14T09:00:59.429253
7,ddfea5df1afeb0d7,Développeur Web PHP/Laravel,StartupCM,Douala,1 an,PHP - Laravel - MySQL - JavaScript - Bootstrap,"Développeur web PHP Laravel, MySQL, JavaScript, Bootstrap pour startup camerounaise.",https://demo.example.com/ddfea5df1afeb0d7,2026-04-01,workconnect,2026-05-14T09:00:59.429253
8,bfe5bfc72e8b3525,Chef de Projet IT Agile,Ecobank Cameroun,Douala,5 ans,Agile - Scrum - Jira - SQL - Power BI,"Chef de projet IT, méthodes Agile/Scrum, Jira, maîtrise SQL et Power BI.",https://demo.example.com/bfe5bfc72e8b3525,2026-04-01,workconnect,2026-05-14T09:00:59.429253
9,ede418cb1efc662e,Développeur Frontend Vue.js,Interswitch,Douala,2 ans,Vue.js - JavaScript - HTML - CSS - REST API,"Développeur frontend Vue.js, HTML5, CSS3, intégration d'APIs REST.",https://demo.example.com/ede418cb1efc662e,2026-04-01,emploi_cm,2026-05-14T09:00:59.429253
10,c61ed60f307b15e2,Ingénieur Sécurité Informatique,Express Union,Yaoundé,5 ans,Cybersecurity - Linux - Networking - Python - Docker,"Ingénieur en sécurité informatique, audit de vulnérabilités, Linux, réseaux, Python.",https://demo.example.com/c61ed60f307b15e2,2026-04-01,emploi_cm,2026-05-14T09:00:59.429253
11,e353d716fdfac4ca,Développeur React Native,AgriTech Cameroun,Bafoussam,2 ans,React Native - JavaScript - Firebase - REST API - Git,"Mobile developer React Native, Firebase, REST API integration, Git versioning.",https://demo.example.com/e353d716fdfac4ca,2026-04-01,talent_cm,2026-05-14T09:00:59.429253
12,3435bd6ae4c810f8,Analyste de Données,BICEC,Douala,3 ans,Python - SQL - Pandas - Power BI - Excel,"Data analyst: Python, SQL, Pandas, Power BI, analyse et visualisation de données.",https://demo.example.com/3435bd6ae4c810f8,2026-04-01,talent_cm,2026-05-14T09:00:59.429253
13,4e671b74413f6cb3,Développeur Java Spring Boot,Camair-Co,Douala,3 ans,Java - Spring Boot - MySQL - Docker - Git - REST API,"Développeur Java Spring Boot, MySQL, Docker, intégration continue Git.",https://demo.example.com/4e671b74413f6cb3,2026-04-01,expertini_cm,2026-05-14T09:00:59.429253
14,658c0307b837f2c4,Développeur WordPress,Agence Web Douala,Douala,1 an,WordPress - PHP - CSS - HTML - JavaScript,"Créer et maintenir des sites WordPress, personnalisation de thèmes PHP, CSS, JavaScript.",https://demo.example.com/658c0307b837f2c4,2026-04-01,workconnect,2026-05-14T09:00:59.429253
15,a8a18f55c1fda90c,Ingénieur Machine Learning,DataCM,Yaoundé,3 ans,Python - Machine Learning - NLP - Scikit-learn - TensorFlow - SQL,"ML engineer: Python, scikit-learn, TensorFlow, NLP, SQL databases.",https://demo.example.com/a8a18f55c1fda90c,2026-04-01,emploi_cm,2026-05-14T09:00:59.429253
16,ea7c1e5e41aa89d0,Développeur Node.js/Express,Jumia Cameroun,Douala,2 ans,Node.js - Express.js - MongoDB - Docker - REST API - Git,"Backend Node.js Express developer, MongoDB, Docker, RESTful APIs.",https://demo.example.com/ea7c1e5e41aa89d0,2026-04-01,talent_cm,2026-05-14T09:00:59.429253
17,1cee3daefd513c8f,Responsable Infrastructure IT,Total Cameroun,Douala,7 ans,Linux - Networking - Kubernetes - AWS - CI/CD,"Manage IT infrastructure: Linux servers, networking, Kubernetes, cloud AWS.",https://demo.example.com/1cee3daefd513c8f,2026-04-01,expertini_cm,2026-05-14T09:00:59.429253
18,6347f720be69d5b3,Développeur Angular TypeScript,Fintech Yaoundé,Yaoundé,2 ans,Angular - TypeScript - HTML - CSS - REST API,"Frontend Angular developer with TypeScript, REST API integration.",https://demo.example.com/6347f720be69d5b3,2026-04-01,workconnect,2026-05-14T09:00:59.429253
19,dfe48e61cb451fff,Ingénieur Data / Big Data,Telco Africa,Douala,4 ans,Python - Spark - SQL - Hadoop - Machine Learning,"Big Data engineer, Apache Spark, Hadoop, SQL, Python, machine learning pipelines.",https://demo.example.com/dfe48e61cb451fff,2026-04-01,emploi_cm,2026-05-14T09:00:59.429253
20,81c3d1c4bbed5033,Développeur iOS Swift,Maviance,Yaoundé,2 ans,iOS - Swift - REST API - Git - Firebase,"iOS Swift developer, REST APIs, Firebase, Git. Application mobile fintech.",https://demo.example.com/81c3d1c4bbed5033,2026-04-01,talent_cm,2026-05-14T09:00:59.429253
21,6ccd4d16b4d382f3,Développeur Backend - Douala / Yaoundé,Africawork,Douala & Yaoundé,"Bac+3, Bac+4 & Bac+5 et plus",API - BACK END - DOCKER - GIT - HTTP - JAVA - JSON - MONGODB - NODE JS - NOSQL - POSTGRESQL - REDIS - REST - SQL,"Nous recherchons un Développeur Backend pour notre client, une société Fintech. MISSION PRINCIPALE Concevoir, développer et tester les fonctionnalités de la plateforme de paiement au sein de sa squad. Contribuer à la qualité et à la performance du code. RESPONSABILITÉS CLÉS Développer les fonctionnalités selon les spécifications techniques du Tech Lead. Écrire les tests unitaires et d’intégration pour chaque livraison. Participer aux code reviews et appliquer les retours. Contribuer à la documentation technique. Participer aux cérémonies agiles (daily, planning, review, retro). Investiguer et corriger les bugs remontés par le QA ou la production. Participer aux astreintes...",https://www.emploi.cm/offre-emploi-cameroun/developpeur-backend-douala-yaounde-1165303,2026-05-22,emploi_cm,2026-05-22T10:50:20.044266
22,c98f5b46a90ba531,Agent Support IT - Douala / Yaoundé,Africawork,Douala & Yaoundé,Bac+2 & Bac+3,Suivi des Clients - Support Technique - Vente,"Nous recherchons un Agent Support IT pour notre client, une Fintech. Activités clés et Mission : Répondre aux requêtes des clients par e-mail ou par chat en respectant les SLA définis. Assurer le suivi des clients pour s'assurer que les difficultés techniques signalées ont été résolues. Tenir un registre détaillé des requêtes relatives aux clients, y compris les commentaires utiles. Analyser les commentaires des clients et conseiller la direction sur les points à améliorer. Saisir le support des partenaires et assurer le suivi dans la résolution des requêtes des clients. Elaborer les dossiers de reporting dans le but de l’amélioration continue. Suivre les incidents. Effectuer des reportings...",https://www.emploi.cm/offre-emploi-cameroun/agent-support-it-douala-yaounde-1165314,2026-05-22,emploi_cm,2026-05-22T10:50:20.044266
23,aef14e0bb6e2b0fc,Country IT Manager / Responsable IT Pays - Douala - Yaoundé,Africawork,Douala & Yaoundé,Bac+5 et plus,API,"Nous recherchons un Country IT Manager / Responsable IT Pays pour notre client, une Fintech . MISSION PRINCIPALE Diriger l’équipe IT locale et garantir le bon fonctionnement de la plateforme dans son pays. Faire le lien entre le siège et les opérations terrain. RESPONSABILITÉS CLÉS Superviser l’équipe locale (Integration Engineers + Ops & Support). Assurer la coordination quotidienne avec les squads siège. Gérer les relations avec les partenaires locaux (telecom, banques, régulateurs). Garantir les SLA de service dans son pays. Remonter les besoins terrain et les spécificités réglementaires locales. Piloter les déploiements et les UAT dans son pays. Produire les...",https://www.emploi.cm/offre-emploi-cameroun/country-it-manager-responsable-it-pays-douala-yaounde-1165308,2026-05-22,emploi_cm,2026-05-22T10:50:20.044266
24,4ab6cc82632271c8,Stagiaire Testeur(euse) Logiciel Informatique - Douala,Kozao,Douala,Bac+2 & Bac+3,AGILE - JAVA - JIRA - REDMINE - SCRUM - SQUASH,"Nous recherchons un Stagiaire Testeur/ Testeuse logiciel informatique pour rejoindre notre équipe. Ce poste implique la participation à la vérification et à l'assurance qualité des logiciels, en effectuant des tests pour garantir leur bon fonctionnement. Le stagiaire travaillera dans un environnement dynamique, en collaboration avec l'équipe de développement. Missions : Vérification des corrections apportées par les développeurs ; Réalisation des tests fonctionnels, de régression, d’intégration et de validation ; Participation aux tests de performance ; Utilisation des outils de gestion de projets et de suivi des anomalies (Jira, Redmine,, etc.) ; Rédaction des rapports de test et documentation des...",https://www.emploi.cm/offre-emploi-cameroun/stagiaire-testeureuse-logiciel-informatique-douala-1180128,2026-05-13,emploi_cm,2026-05-22T10:50:20.044266
25,f34dd4ef4bb35d7f,Traducteur Informaticien - Yaoundé,Kesai Eagrow Cameroun Sa,Yaoundé,"Bac+2, Bac+3, Bac+4 & Bac+5 et plus",Assistanat - Secrétariat,"Nous recherchons un Traducteur Informaticien / traducteur informatique pour rejoindre notre équipe. Ce poste implique la traduction de documents techniques et de contenus liés à l'informatique, en assurant une communication claire et précise dans un environnement professionnel dynamique. Missions : Traduire des documents techniques, manuels et contenus informatiques en respectant le contexte et la terminologie spécifique. Collaborer avec les équipes techniques pour assurer la cohérence des traductions et la compréhension des termes spécialisés. Réviser et corriger les traductions pour garantir leur qualité et leur conformité aux standards linguistiques. Participer à l'élaboration des documents d'...",https://www.emploi.cm/offre-emploi-cameroun/traducteur-informaticien-yaounde-1170468,2026-04-22,emploi_cm,2026-05-22T10:50:20.044266
26,1c491d710e440ccf,Développeur - Yaoundé,Athari Financial,Yaoundé,"Bac+3, Bac+4 & Bac+5 et plus",FULL STACK - LARAVEL - REACT,"Nous recherchons un Développeur Informatique pour rejoindre notre équipe. Ce poste implique la conception, le développement et la maintenance de solutions informatiques adaptées aux besoins de notre organisation, tout en favorisant l'insertion professionnelle des jeunes étudiants dans le secteur de la technologie. Missions : Concevoir et développer des applications logicielles en fonction des spécifications techniques. Participer à l'amélioration continue des systèmes informatiques existants. Collaborer avec les équipes techniques pour assurer la qualité et la performance des solutions développées. Assurer la maintenance et le support technique des applications déployées. Contribuer à la formation et à l'...",https://www.emploi.cm/offre-emploi-cameroun/developpeur-yaounde-1174603,2026-05-04,emploi_cm,2026-05-22T10:50:20.044266
27,e8b870aebdd84d36,Stagiaire en Administration Système et Réseau - Yaoundé,Sinares Sarl,Yaoundé,Bac+2 & Bac+3,DHCP - DNS - LINUX - TCP IP - VLAN - VPN,Nous recrutons un Stagiaire en Administration Système et Réseau .,https://www.emploi.cm/offre-emploi-cameroun/stagiaire-administration-systeme-reseau-yaounde-1092045,2026-04-23,emploi_cm,2026-05-22T10:50:20.044266
28,c5dc7cd8ef78604b,Chef de Mission / Architecte Solution LMS - Yaoundé,Chambiss,Yaoundé,Bac+5 et plus,AGILE - API - CSS - HTML - JAVASCRIPT - MOODLE - MYSQL - POSTGRESQL - PYTHON - SCRUM,"Nous sommes à la recherche d'un Chef de mission / Architecte solution LMS. Le Chef de mission / Architecte solution LMS est responsable de la conception, de l'implémentation et de l'optimisation d'une plateforme de gestion de l'apprentissage (LMS). Il joue un rôle stratégique dans l'alignement des solutions techniques aux besoins pédagogiques et fonctionnels, en garantissant la cohérence, l’évolutivité, et la sécurité du système. Missions principales Conception de la solution LMS : Élaborer l’architecture technique et fonctionnelle de la plateforme LMS en fonction des besoins des utilisateurs et des objectifs pédagogiques. Sélectionner les technologies et outils les plus...",https://www.emploi.cm/offre-emploi-cameroun/chef-mission-architecte-solution-lms-yaounde-1168298,2026-04-17,emploi_cm,2026-05-22T10:50:20.044266
29,1115f5db64e9b440,DBA IMS/DB2 Z/OS(H/F),Africashore,Bafoussam - Bamenda - Bertoua - Buéa - Douala - Ebolowa - Garoua,Bac+3,ASSEMBLEUR - COBOL - DB2 - FORTRAN - ISPF - JCL - SAS - SDSF - TCP IP - TSO - TWS - VSAM,"Nous recherchons des profils / CV de DBA IMS/DB2 Z/OS (H/F) pour les transmettre à nos clients dans le cadre de leurs futures campagnes de recrutement. Mission : Assistance au développement technique Z/OS. Maintenance des projets, support aux analystes Z. Mise en œuvre opérationnelle des projets de développement. Assurer le maintien en conditions opérationnelles. Réaliser la maintenance (mise à jour de versions, patchs management). Construction de nouveaux socles techniques. Traitement et incidents de niveau 3. Suivi et analyse des performances.",https://www.emploi.cm/offre-emploi-cameroun/dba-imsdb2-zoshf-933515,2026-04-13,emploi_cm,2026-05-22T10:50:20.044266
30,ef5b4cf41deccfea,Ingénieur Système Z/OS Middleware (H/F),Africashore,Bafoussam - Bamenda - Bertoua - Buéa - Douala - Ebolowa - Garoua,Bac+3,ASSEMBLEUR - COBOL - JAVA - LDAP - NETVIEW - TCP IP - TWS - VTAM,"Nous recherchons des profils / CV de Ingénieur Système Z/OS Middleware (H/F ) pour les transmettre à nos clients dans le cadre de leurs futures campagnes de recrutement. Mission : Ingénieur système Z/OS expérimenté, être capable d'installer, de paramétrer, d'activer et d'exécuter tant l'investigation et la résolution des problèmes des produits habituellement utilisés dans un environnement z/OS. Equipe en charge de la gestion d'un environnement mainframe (HW / SW) incluant la sécurité associée (RACF), le stockage (DASD, Tape, B&R, DRP), la conformité, la métrologie, la performance, l'automatisation, les aspects réseaux.",https://www.emploi.cm/offre-emploi-cameroun/ingenieur-systeme-zos-middleware-hf-933517,2026-04-13,emploi_cm,2026-05-22T10:50:20.044266
31,7b6610e69a2942ae,Lead Développeur Java JEE (H/F),Africashore,Bafoussam - Bamenda - Bertoua - Buéa - Douala - Ebolowa - Garoua,Bac+3,AGILE - CSS - ECLIPSE - HIBERNATE - HTML - JAVA - JAVA JEE - JAVASCRIPT - JENKINS - JUNIT - MAVEN - SPRING - UML,"Nous recherchons un Lead Développeur Java JEE (H/F) pour notre client, une société multinationale dans le domaine des services informatiques. Poste & Mission : Intégré-e dans la Direction R&D au sein du service d’Architecture Technique des équipes de Développement, en charge de domaines techniques précis, votre périmètre comprend. Conception et développements techniques sur des technologies java/JEE ; Evolution et maintenance du Framework du progiciel ; Instruction et débogage des problèmes techniques avancés ; Participation au chiffrage et à la conception...",https://www.emploi.cm/offre-emploi-cameroun/lead-developpeur-java-jee-hf-949426,2026-04-13,emploi_cm,2026-05-22T10:50:20.044266
32,e8a3db91ba25faf5,Stagiaire de Perfectionnement - Yaoundé,Athari Financial Coop-Ca,Yaoundé,"Qualification avant bac, Bac, Bac+1, Bac+2, Bac+3, Bac+4 & Bac+5 et plus",Assistanat - Recouvrement - Secrétariat - Vente,"Nous sommes à la recherche d'une Stagiaire de Perfectionnement. Vous êtes jeunes diplômés et chercheur d'emploi, vous souhaitez vous faire former et développer des compétences pratiques dans les domaines telles que : la comptabilité l'informatique analyse et recouvrement de crédit alors rejoignez notre programme de stage de perfectionnement.",https://www.emploi.cm/offre-emploi-cameroun/stagiaire-perfectionnement-yaounde-1151669,2026-04-01,emploi_cm,2026-05-22T10:50:20.044266
33,4335a4ba3d4674e0,Développeur Fullstack - Douala,Men Builder Sarl,Douala & Yaoundé,"Bac+3, Bac+4 & Bac+5 et plus",,"Nous recherchons un Développeur fullstack pour rejoindre notre équipe. Ce poste implique le développement et la maintenance d'applications web en utilisant diverses technologies et langages de programmation, tout en collaborant avec une équipe dynamique dans un environnement innovant. Missions : Concevoir, développer et optimiser des applications web en utilisant plusieurs langages de programmation. Participer à la conception technique et à l'architecture des projets numériques. Assurer la maintenance et l'amélioration continue des solutions existantes. Collaborer avec les équipes de design et de gestion de projet pour garantir la qualité et la performance des applications. Rester à jour avec les nouvelles...",https://www.emploi.cm/offre-emploi-cameroun/developpeur-fullstack-douala-1183955,2026-05-21,emploi_cm,2026-05-22T10:50:20.044266
34,810a320bb7d09a41,Ingénieur Réseau Système et Sécurité - Yaoundé,Afreetech,Yaoundé,Bac+5 et plus,DHCP - DNS - LINUX - NAGIOS - SNMP - TCP IP - UNIX - VPN - WAN,"AFREETECH CAMEROON, Entreprise de Service Numériques (ENS) en plein essor avec plus de 15 ans d'expériences est à la recherche d'un Ingénieur Réseau Système et Sécurité (H/F) compétent et qualifié pour rejoindre ses équipes de travail. Missions : Conception, installation et maintenance des réseaux informatiques (LAN, WAN, Wi-Fi) ; Configuration et administration des systèmes d'exploitation (Windows, Linux, Unix) ; Mise en place et gestion des systèmes de sécurité (pare-feu, antivirus, VPN) ; Surveillance et analyse des performances des réseaux et des systèmes ; Dépannage et résolution des problèmes techniques, etc.",https://www.emploi.cm/offre-emploi-cameroun/ingenieur-reseau-systeme-securite-yaounde-1029574,2026-05-20,emploi_cm,2026-05-22T10:50:20.044266
35,c930423a74e88d8c,Technico-Commercial (H/F) - Yaoundé,Batchsphere-X,Yaoundé,"Bac+3, Bac+4 & Bac+5 et plus",Communication - Développement Commercial - Fidélisation des Clients - Marketing - Négociation - Prospection - Suivi Commercial - Techniques de Vente - Vente,"À propos de nous Nyamga Solutions est une entreprise spécialisée en gouvernance de l’IA, conseil stratégique et accompagnement digital des PME. Nous travaillons en collaboration avec des partenaires allemands et accompagnons les entreprises dans leurs projets de transformation numérique et d’implémentation de solutions innovantes. Dans le cadre de notre développement, nous recherchons deux Technico-Commerciaux dynamiques et ambitieux pour renforcer notre équipe. Missions principales Prospecter et développer un portefeuille clients B2B Identifier les besoins des entreprises en solutions digitales et IA Présenter et vendre les services de Nyamga Solutions Assurer le suivi commercial et la fidélisation des...",https://www.emploi.cm/offre-emploi-cameroun/technico-commercial-hf-yaounde-1183324,2026-05-20,emploi_cm,2026-05-22T10:50:20.044266
36,82e649f560cc9284,"Responsable Relation Membres, SAV et Recouvrement - Douala",Gs1 Cameroun,Douala,"Bac, Bac+1, Bac+2, Bac+3, Bac+4 & Bac+5 et plus",Comptabilité - Finance - Gestion - Recouvrement - Vente,"Nous sommes à la recherche d'un Responsable Relation Membres, SAV et Recouvrement. Rattaché(e) à la Direction, le/la Responsable Relation Membres, SAV et Recouvrement est le garant de la satisfaction des adhérents de GS1 Cameroun et de la conformité de leurs dossiers. Ses missions principales incluent : Accompagner les entreprises membres après l'attribution de leurs codes-barres (génération des visuels, explication des standards GS1). Piloter et suivre la campagne annuelle de recouvrement et de renouvellement des cotisations des membres. Assurer le support technique de premier niveau sur l'utilisation des plateformes digitales de GS1 Traiter les réclamations et veiller à la mise à jour rigoureuse de la...",https://www.emploi.cm/offre-emploi-cameroun/responsable-relation-membres-sav-recouvrement-douala-1182076,2026-05-18,emploi_cm,2026-05-22T10:50:20.044266
37,c3d35f94e6a811dc,Informaticien Free-lance - Yaoundé,Pharmacie Well,Yaoundé,"Bac+2, Bac+3, Bac+4 & Bac+5 et plus",,Nous sommes à la recherche d'un Informaticien Free-lance. Les prestations couvrent les domaines suivants : Installations et déploiements informatiques (matériel et logiciels) Formation aux gestes simples des équipes Maintenance préventive et corrective Conseil et veille technologique,https://www.emploi.cm/offre-emploi-cameroun/informaticien-free-lance-yaounde-1175624,2026-05-05,emploi_cm,2026-05-22T10:50:20.044266
38,0725c6533a9ddc1d,Comptable - Douala Yaoundé Bafoussam Maroua Garoua,Cb Chrome,Bafoussam - Douala - Garoua - Maroua & Yaoundé,"Bac, Bac+1, Bac+2, Bac+3, Bac+4 & Bac+5 et plus",Comptabilité - États Financiers - Gestion - Gestion Financière - Management,"Nous recherchons un Comptable pour rejoindre notre équipe. Ce poste implique la gestion des opérations comptables, la préparation des états financiers, et la conformité aux réglementations en vigueur. Il nécessite de travailler dans un environnement professionnel dynamique et exige une grande rigueur. Missions : Assurer la tenue et la mise à jour des comptes financiers. Préparer et analyser les états financiers mensuels et annuels. Veiller au respect des normes comptables et réglementaires. Participer à la gestion des audits internes et externes. Collaborer avec les autres départements pour assurer la cohérence financière.",https://www.emploi.cm/offre-emploi-cameroun/comptable-douala-yaounde-bafoussam-maroua-garoua-1184091,2026-05-21,emploi_cm,2026-05-22T10:50:20.044266
39,b435a936bfb62abd,Stagiaire Développeur(euse) Web JAVA EE - Douala,Kozao,Douala,Bac+2 & Bac+3,JAVA,Nous recherchons un Stagiaire Développeur/ Développeuse web JAVA EE pour rejoindre notre équipe. Ce poste implique la participation à des projets de développement web en utilisant la technologie JAVA EE et nécessite de travailler dans un environnement dynamique et innovant. Missions : Participer au développement et à la maintenance d'applications web en Java EE. Contribuer à la conception technique et à l'implémentation de nouvelles fonctionnalités. Collaborer avec l'équipe pour assurer la qualité et la performance des solutions développées. Participer aux réunions de suivi de projet et à la documentation technique. Recyclage en Java Apprentissage des technologies JavaEE Apprentissage de la gestion...,https://www.emploi.cm/offre-emploi-cameroun/stagiaire-developpeureuse-web-java-ee-douala-1180134,2026-05-13,emploi_cm,2026-05-22T10:50:20.044266
40,693ec83195920174,Stagiaire en Vente de Logiciels / Applications et Achat - Yaoundé,Synopsis Holding Sarl,Yaoundé,"Bac, Bac+1, Bac+2, Bac+3, Bac+4 & Bac+5 et plus",Achats - Prospection - SYNOPSIS - Vente,"La société SYNOPSIS HOLDING recherche pour les besoins de ses services des Stagiaires en Vente et Achats et pour une durée de six mois renouvelables. Missions : Effectuer la prospection sur le terrain, la vente, la formation, le suivi et la fidélisation du portefeuille des clients Effectuer les achats pour le compte des entreprises de son portefeuille",https://www.emploi.cm/offre-emploi-cameroun/stagiaire-vente-logiciels-applications-achat-yaounde-1119380,2026-05-12,emploi_cm,2026-05-22T10:50:20.044266
41,5249e98397ef5599,Assistante de Direction - Yaoundé,Kairon Solutions,Yaoundé,"Bac, Bac+1, Bac+2, Bac+3, Bac+4 & Bac+5 et plus",Assistanat - Comptabilité - Devis - Dossiers - Dossiers Administratifs - Finance - Gestion - Gestion Administrative - INDESIGN - Marchés Publics - POWERPOINT - Rédaction - Secrétariat - WORD,"Description du poste Nous recherchons une Secrétaire ou Assistante de Direction dynamique et rigoureuse . Vous serez le bras droit opérationnel de la direction pour la préparation et le suivi complet de nos dossiers de marchés (publics et privés). Votre rôle sera crucial pour la constitution de dossiers techniques, administratifs et financiers conformes et de haute qualité. Missions principales Préparation des dossiers de marchés : Compiler et organiser les dossiers administratifs (attestations, agréments, CV, références), financiers (mémoires techniques, offres financières, devis). Suivi et soumission : Veiller au respect scrupuleux des cahiers des charges et des délais de soumission (réponse aux appels d'...",https://www.emploi.cm/offre-emploi-cameroun/assistante-direction-yaounde-1177387,2026-05-12,emploi_cm,2026-05-22T10:50:20.044266
42,6faf0ab77ed00791,Stagiaire en Génie Logiciel - Yaoundé,Sinares Sarl,Yaoundé,Bac+2 & Bac+3,ANGULAR JS - CSS3 - DJANGO - GIT - JAVASCRIPT - POSTGRESQL - REACT - REST - SPRING - UML,"Nous recherchons un Stagiaire en Génie Logiciel pour rejoindre notre équipe. Ce poste implique la participation à des projets de développement logiciel, la contribution à la conception et à l'implémentation de solutions technologiques innovantes, et nécessite de travailler dans un environnement dynamique et collaboratif. Missions : Participer à la conception, au développement et à la maintenance d'applications web et mobiles en utilisant des technologies modernes telles que HTML5, CSS3, JavaScript, AngularJS, ReactJS, Next.js, et Spring Boot. Collaborer avec l'équipe pour analyser les besoins des clients et proposer des solutions techniques adaptées. Contribuer à l'intégration et à la configuration...",https://www.emploi.cm/offre-emploi-cameroun/stagiaire-genie-logiciel-yaounde-1179251,2026-05-12,emploi_cm,2026-05-22T10:50:20.044266
43,0743ccc3c958d4db,Chargé(e) du SAV et Recouvrement - Douala,Gs1 Cameroun,Douala,"Bac, Bac+1, Bac+2, Bac+3, Bac+4 & Bac+5 et plus",Communication - Marketing - Recouvrement - Télémarketing - Vente,"Nous recherchons un Chargé(e) du SAV et Recouvrement pour renforcer notre équipe. Ce poste consiste à assurer la gestion du service après-vente et le recouvrement des paiements, tout en maintenant une relation client de qualité dans un environnement dynamique. Missions : Gérer les demandes et réclamations des clients concernant les produits ou services après-vente. Assurer le suivi et le recouvrement des paiements en retard ou impayés. Collaborer avec les équipes internes pour résoudre les problèmes clients rapidement et efficacement. Maintenir une communication régulière avec les clients pour renforcer leur satisfaction et leur fidélité. Rédiger des rapports sur les activités de recouvrement et proposer des...",https://www.emploi.cm/offre-emploi-cameroun/chargee-sav-recouvrement-douala-1182638,2026-05-19,emploi_cm,2026-05-22T10:50:20.044266
44,59809851fbbbd37f,"Téléconseillère - Yaoundé,Tradex Éleveur",Ada|Corp,Yaoundé,"Bac+3, Bac+4 & Bac+5 et plus",Communication - Communication Digitale - Gestion Commerciale - Gestion des Ventes - Marketing - Négociation - Négociation Commerciale - Prospection - Prospection Téléphonique - Télémarketing - Vente,"Nous recherchons un Téléconseiller pour rejoindre notre équipe. Ce poste implique la gestion d'appels téléphoniques pour développer notre clientèle et renforcer notre présence sur le marché. Il nécessite de travailler dans un environnement professionnel dynamique et orienté vers la satisfaction client. Missions : Effectuer des campagnes de prospection téléphonique afin d'élargir notre portefeuille clients. Adopter un discours courtois, professionnel et empathique lors de chaque interaction téléphonique. Faire preuve d'éloquence et de clarté pour transmettre efficacement les messages et convaincre les prospects. Exploiter et analyser les données collectées lors des appels pour optimiser les stratégies de...",https://www.emploi.cm/offre-emploi-cameroun/teleconseillere-yaoundetradex-eleveur-1182266,2026-05-18,emploi_cm,2026-05-22T10:50:20.044266
45,f951d92db0a61077,Assistante Comptable - Douala,Ingenio Tech,Douala,Bac+4 & Bac+5 et plus,Comptabilité - Finance - Gestion - Rapports Financiers,"Nous recherchons une Assistante Comptable pour rejoindre notre équipe. Ce poste implique la gestion des tâches comptables quotidiennes, la tenue des registres financiers et la préparation des rapports financiers, dans un environnement dynamique et professionnel. Missions : Assister dans la gestion des opérations comptables courantes. Tenir à jour les registres financiers et assurer leur conformité. Préparer les déclarations fiscales et sociales. Participer à la clôture mensuelle et annuelle des comptes. Collaborer avec les autres départements pour assurer la cohérence des données financières. Préparer les paiements (fournisseurs, salaires, charges) Calculer les salaires mensuels Établir les bulletins de paie",https://www.emploi.cm/offre-emploi-cameroun/assistante-comptable-douala-1181589,2026-05-18,emploi_cm,2026-05-22T10:50:20.044266
46,1c62bd9dde0ad395,Senior Developer / Chef de Projet IT - Douala,Nexttech Core Sarl,Douala,"Bac+2, Bac+3, Bac+4 & Bac+5 et plus",AGILE - ANDROID - Communication - CSS - Gestion - HTML - JAVASCRIPT - LINUX - Management - Marketing - ORACLE - PL SQL - Planification - SCRUM - SQL,"Nous recherchons un Senior Developer / Chef de Projet IT pour rejoindre notre équipe. Ce poste implique la gestion de projets informatiques tout en participant activement au développement d’applications et à la coordination technique. Le candidat devra assurer la planification, le suivi des projets, la communication avec les clients et la réalisation de tâches de développement pour répondre aux besoins métiers. Missions : Mettre en place une gestion de projet structurée, efficace et adaptée aux objectifs de l'entreprise. Piloter et suivre l’avancement des projets informatiques de leur conception à leur déploiement. Participer au développement direct des applications, modules et interfaces selon les...",https://www.emploi.cm/offre-emploi-cameroun/senior-developer-chef-projet-it-douala-1174885,2026-05-05,emploi_cm,2026-05-22T10:50:20.044266
47,b5647994c77ec769,Commercial B2B - Télétravail,Palma Talents,International,"Bac+3, Bac+4 & Bac+5 et plus",Communication - CRM - Marketing - Prospection - Vente,"Nous recherchons un Commercial B2B talentueux et passionné spécialisé dans la prospection, le développement et la gestion d'un portefeuille de clients professionnels. Il identifiera les besoins des entreprises, proposera des solutions adaptées et négociera des contrats pour maximiser les ventes.",https://www.emploi.cm/offre-emploi-cameroun/commercial-b2b-teletravail-1181072,2026-05-15,emploi_cm,2026-05-22T10:50:20.044266
48,87ce2b63a4ce118e,Commercial Junior International Fintech et Logiciels - Yaoundé,Quitus,Yaoundé,"Bac+3, Bac+4 & Bac+5 et plus",Commercialisation - Communication - Développement Commercial - Fidélisation des Clients - Marketing - Prospection - Prospection Commerciale - Suivi Commercial - Vente,"Nous recherchons un Commercial Junior International Fintech et Logiciels pour rejoindre notre équipe dynamique. Ce poste consiste à soutenir le développement commercial de Quitus Payments & Services sur les marchés locaux et internationaux, en mettant l'accent sur la fintech, les logiciels, les solutions digitales et les démarches institutionnelles. Le candidat retenu participera activement à l'identification de prospects, à la gestion des opportunités commerciales, à la préparation de présentations, ainsi qu'à l'accompagnement des démarches auprès des institutions et partenaires stratégiques. Missions : Identifier de nouveaux prospects et opportunités sur les marchés locaux et internationaux,...",https://www.emploi.cm/offre-emploi-cameroun/commercial-junior-international-fintech-logiciels-yaounde-1181093,2026-05-15,emploi_cm,2026-05-22T10:50:20.044266
49,88f72ebf53034add,Caissière - Douala,Men Builder Sarl,Douala,"Bac, Bac+1, Bac+2, Bac+3, Bac+4 & Bac+5 et plus",Comptabilité - Finance - Gestion,"Nous recherchons un Caissières pour rejoindre notre équipe. Ce poste implique la gestion des transactions financières, l'accueil des clients et la tenue de caisse dans un environnement dynamique et professionnel. Missions : Accueillir et conseiller les clients lors de leur passage en caisse. Gérer les opérations de paiement et assurer la précision des transactions. Tenir à jour les registres de caisse et effectuer les clôtures journalières. Veiller au bon fonctionnement des équipements de caisse et signaler toute anomalie. Maintenir un espace de travail propre et organisé conformément aux standards de l'entreprise.",https://www.emploi.cm/offre-emploi-cameroun/caissiere-douala-1181575,2026-05-18,emploi_cm,2026-05-22T10:50:20.044266
50,39bdabb7f12950bd,Professeur Particulier - Toutes les Villes,Kelétude,International,"Bac, Bac+1, Bac+2, Bac+3, Bac+4 & Bac+5 et plus",Communication - Cours Particuliers,"Nous sommes à la recherche d’un(e) Professeur Particulier chez KELétude. Responsabilités : Donner des cours particuliers dans les domaines de votre choix (soutien scolaire, langues, sport, musique, arts, culture, etc.) Organiser vos cours à domicile, chez vous, en ligne ou dans un lieu commun Fixer librement vos tarifs horaires Préparer les cours et accompagner les élèves dans leur progression Maintenir un climat de confiance et participer à la communauté KELétude Utiliser le calendrier mis à disposition pour gérer votre emploi du temps Participer aux actions socio-éducatives de KELétude",https://www.emploi.cm/offre-emploi-cameroun/professeur-particulier-toutes-villes-1089789,2026-05-14,emploi_cm,2026-05-22T10:50:20.044266
51,c1a556fc6fc92371,Commercial(e) - Douala,Toltec Consulting,Douala,"Bac, Bac+1, Bac+2, Bac+3, Bac+4 & Bac+5 et plus",Actions Commerciales - Actions Marketing - Ciblage Marketing - Communication - Communication Marketing - Marketing - Marketing Commercial - Négociation - Négociation Commerciale - Stratégie Commerciale - Vente,"Nous sommes une Startup qui cherchons à renforcer notre équipe en recrutant un(e) Business Developper dynamique et talentueux(se) pour jouer un rôle clé dans notre croissance.Si tu es une personne jeune, autonome, disciplinée, organisée et rigoureuse. D’autre part, qui adore le travail d’équipe et possède des talents de vendeurs innés, alors ce poste est fait pour toi. Missions : Sous la supervision du Directeur Général, vous aurez les responsabilités qui suivent : Élaborer et mettre en œuvre une stratégie commerciale efficace de notre solution Boolean Pro et la palette d'équipements associés (Tiroir de caisse automatique, Imprimante thermique, Tablette POS; Etc). Identifier de nouvelles...",https://www.emploi.cm/offre-emploi-cameroun/commerciale-douala-1177033,2026-05-06,emploi_cm,2026-05-22T10:50:20.044266
52,0317d6cfae57c82f,Développeur Full Stack / Oracle APEX - Douala,Nexttech Core Sarl,Douala,"Bac+2, Bac+3, Bac+4 & Bac+5 et plus",AGILE - CSS - FULL STACK - HTML - JAVASCRIPT - ORACLE - PL SQL - SCRUM - SQL,"Nous recherchons un Développeur Full Stack / Oracle APEX pour rejoindre notre équipe. Ce poste implique la conception, le développement, la maintenance et l'évolution d'applications web et métiers, en collaboration avec l'équipe projet. Le candidat doit faire preuve d'une forte capacité d'analyse, d'une rigueur technique et d'une volonté d'amélioration continue dans un environnement orienté qualité et satisfaction client. Missions : Analyser les besoins fonctionnels et techniques fournis par le Chef de Projet ou le client. Développer des applications, modules, interfaces et fonctionnalités selon les spécifications définies. Travailler sur des applications Oracle APEX et des bases de...",https://www.emploi.cm/offre-emploi-cameroun/developpeur-full-stack-oracle-apex-douala-1176410,2026-05-06,emploi_cm,2026-05-22T10:50:20.044266
53,6c0cfd1a868b5f7d,Commercial de Terrain (H/F) - Yaoundé,Soft-Ai Sarl,Yaoundé,Qualification avant bac & Bac,Communication - Marketing - Vente,"Nous recherchons un Commercial(e) Terrain pour rejoindre notre équipe à Yaoundé. Ce poste implique la promotion active des services de l'application EZYLI, la sensibilisation des populations locales, ainsi que le développement de nouveaux partenariats et utilisateurs. Le rôle nécessite de travailler dans un environnement dynamique et orienté vers la croissance. Missions : Présenter et promouvoir de manière efficace les services innovants de l'application EZYLI auprès des clients potentiels. Sensibiliser les populations locales à l'utilisation de l'application pour favoriser son adoption et sa diffusion. Prospecter activement de nouveaux utilisateurs et partenaires afin d'élargir la base client et...",https://www.emploi.cm/offre-emploi-cameroun/commercial-terrain-hf-yaounde-1179420,2026-05-13,emploi_cm,2026-05-22T10:50:20.044266
54,4b8bf1430c0a340a,Business Developer Junior - Télétravail,Palma Talents,International,"Bac+3, Bac+4 & Bac+5 et plus",Communication - Marketing - SALESFORCE,"Nous recherchons un Business Developer Junior talentueux et passionné spécialisé dans l'identification et la prospection de nouvelles opportunités commerciales pour l'entreprise. Il travaillera en étroite collaboration avec l'équipe de vente pour développer des stratégies de croissance et établir des relations avec des clients potentiels. Ses missions incluront la recherche de marché, la prise de contact avec des prospects, la préparation de présentations et la participation à des événements de networking.",https://www.emploi.cm/offre-emploi-cameroun/business-developer-junior-teletravail-1179720,2026-05-13,emploi_cm,2026-05-22T10:50:20.044266
55,ac5b97776a336fe3,"Monteur Vidéo Ads (CapCut, Premiere Pro) - Télétravail",Palma Talents,International,"Bac+3, Bac+4 & Bac+5 et plus",Communication - Marketing,"Nous recherchons un Monteur vidéo Ads (CapCut, Premiere Pro) talentueux et passionné spécialisé dans la création et l'édition de contenus vidéo percutants destinés à des campagnes publicitaires sur diverses plateformes. Vous utiliserez des logiciels tels que CapCut et Premiere Pro pour assembler des séquences, ajouter des effets visuels, des transitions et des éléments sonores, tout en respectant les délais et les directives créatives.",https://www.emploi.cm/offre-emploi-cameroun/monteur-video-ads-capcut-premiere-pro-teletravail-1179730,2026-05-13,emploi_cm,2026-05-22T10:50:20.044266
56,91127ea501a0a355,Comptable Experimenté - Yaoundé,Aquageniks,Yaoundé,"Bac+2, Bac+3, Bac+4 & Bac+5 et plus",Comptabilité - Comptabilité Générale - États Financiers - Finance - Fiscalité - Gestion - Trésorerie,"Aquageniks SARL , entreprise dynamique spécialisée dans la production et la distribution des intrants piscicoles (Aliments et alevins) pour poissons recherche un Comptable talentueux et motivé pour rejoindre son équipe à Yaoundé. Notre mission est de soutenir la croissance durable de la pisciculture au Cameroun et en Afrique centrale. Pour accompagner ce développement, nous avons besoin d’un professionnel capable de garantir la rigueur financière et la conformité fiscale de nos activités. Vos principales responsabilités : Missions principales Comptabilité & Finance : (journalier ou hebdomadaire) Tenue de la comptabilité générale et analytique (Saisie, rapprochement, flux de trésorerie et bilans mensuels...",https://www.emploi.cm/offre-emploi-cameroun/comptable-experimente-yaounde-1181417,2026-05-18,emploi_cm,2026-05-22T10:50:20.044266
57,b78847224a952367,Développeur Full Stack (H/F) - Yaoundé,Afreetech,Yaoundé,"Bac+3, Bac+4 & Bac+5 et plus",CSS - DOCKER - FULL STACK - GIT - HTML - JAVA - JAVASCRIPT - JENKINS - MONGODB - MYSQL - NODE JS - NOSQL - PYTHON - REACT - RUBY ON RAILS,Nous AFREETECH CAMEROON SARL sommes une Entreprise de Services Numériques certifiée ISO 9001:2015 et recherchons activement des Développeurs Full Stack expérimentés pour rejoindre notre équipe de développement. Vous serez responsable de la conception et du développement des applications web et mobiles de haute qualité afin de répondre aux exigences de nos projets d’envergure.,https://www.emploi.cm/offre-emploi-cameroun/developpeur-full-stack-hf-yaounde-1115682,2026-05-04,emploi_cm,2026-05-22T10:50:20.044266
58,9c4ac114122ca3fc,Bilingual Customer Advisor / Business Developer,Simpala Africa,Bafoussam - Bertoua - Douala - Ebolowa - Garoua - Maroua -...,Bac,Business Development - Business Strategy - Communication - Communication Marketing - Gestion Commerciale - Marketing - Négociation - Stratégie Marketing - Vente,"We are looking for Customer Advisors / Business Developers in the cities of Yaoundé , Douala and Bafoussam . Missions: You work methodically on the basis of S.M.A.R.T. objectives and like to improve your performance thanks to regular feedback from your colleagues and managers. You contribute to the development of sales of our IT solutions throughout Cameroon and abroad. You will be responsible for identifying and developing new commercial opportunities while maintaining relationships with partners and customers. You bring your expertise in evaluating their problems and finding the appropriate solutions in our product portfolio. You write and propose service offers and responses to calls for tenders in...",https://www.emploi.cm/offre-emploi-cameroun/bilingual-customer-advisor-business-developer-922024,2026-05-04,emploi_cm,2026-05-22T10:50:20.044266
59,b83ac993e2481baf,Backend Engineer (Flask) - Douala (possibilité de Télétravail),Paysika Sas,Douala & International,"Bac+3, Bac+4 & Bac+5 et plus",AGILE - AMAZON AWS - Banque - DJANGO - DOCKER - ELK - FLOWCODE - GIT - Informatique Appliquée - OAUTH - POSTGRESQL - PYTHON - REDIS - Sécurité,"As a Senior Backend Engineer , you will be responsible for the design, development, and maintenance of our APIs and critical backend services for our fintech applications. You will work closely with product, frontend, and DevOps teams to deliver scalable, secure, and high-performance solutions. This role emphasizes expertise in Python with the Flask framework(otherwise a strong experience in software design), while integrating advanced stacks suitable for a highly regulated fintech environment. Key responsibilities: Design and implement RESTful APIs in Python with Flask, ensuring high performance and low latency for real-time transactions. Optimize the performance and scalability of backend systems to handle high volumes...",https://www.emploi.cm/offre-emploi-cameroun/backend-engineer-flask-douala-possibilite-teletravail-1175058,2026-05-04,emploi_cm,2026-05-22T10:50:20.044266
60,3fdafba8c6c246e9,"Expert Contenus Numériques et Expérience Utilisateur - Nkolfoulou, Centre, Cameroon",Chambiss,Yaoundé,Bac+5 et plus,,"L' Expert en contenus numériques et expérience utilisateur est responsable de l'intégration, de la structuration et de l'amélioration des contenus sur des plateformes numériques, en particulier les plateformes de formation. Il doit veiller à la qualité de l'ergonomie, à l'interaction utilisateur et à l'adaptation des contenus pédagogiques pour offrir une expérience optimale sur la plateforme. Qualifications minimales : Être titulaire d’un diplôme Bac+3 minimum en communication digitale, design, multimédia, UX/UI, production de contenus ou discipline connexe. Expérience générale : Justifier d’au moins cinq (05) ans d’expérience dans l'intégration de contenus numériques...",https://www.emploi.cm/offre-emploi-cameroun/expert-contenus-numeriques-experience-utilisateur-nkolfoulou-centre-cameroon,2026-05-04,emploi_cm,2026-05-22T10:50:20.044266
61,84d9173a8e027547,Infographe - Douala,Fondation Africavenir International,Douala,"Bac+3, Bac+4 & Bac+5 et plus",Conception Assistée par Ordinateur - Dessin Assisté par Ordinateur - Graphisme - ILLUSTRATOR - INDESIGN - Montage - PHOTOSHOP - Publication Assistée par Ordinateur - QUARKXPRESS,"Nous recherchons un Infographe talentueux pour rejoindre notre équipe dynamique. Ce poste implique la maîtrise de divers logiciels de montage et la capacité à travailler efficacement dans un environnement collaboratif et exigeant. Missions : Assurer la création et la réalisation de supports graphiques en utilisant des logiciels spécialisés tels qu'InDesign, Adobe Illustrator, Adobe Audition, Photoshop, Adobe Premiere Pro, QuarkXPress, et autres outils de montage. Collaborer étroitement avec l'équipe pour développer des concepts visuels innovants et adaptés aux projets en cours. Respecter les délais impartis tout en maintenant un haut niveau de qualité dans toutes les productions graphiques. Participer à la...",https://www.emploi.cm/offre-emploi-cameroun/infographe-douala-1178727,2026-05-11,emploi_cm,2026-05-22T10:50:20.044266
62,b12e3e7cfedc5728,Comptable (H/F) – Fondation Sophia et Musée RAMSCB - Yaoundé et Edea,Fondation Sophia,Yaoundé,"Qualification avant bac, Bac, Bac+1, Bac+2, Bac+3, Bac+4 & Bac+5 et plus",CIEL - Comptabilité - Comptabilité Analytique - Comptabilité Générale - Comptabilité Publique - EBP - Finance - Gestion - Gestion Financière - Rapports Financiers - SAGE - Suivi de la Trésorerie - Trésorerie,"Nous recherchons un Comptable (H/F) – Fondation Sophia & Musée RAMSCB pour rejoindre notre équipe dynamique. Ce poste implique la gestion complète des opérations financières et comptables des structures, notamment la tenue rigoureuse de la comptabilité, le suivi précis des subventions, mécénats et dons, ainsi que la préparation des déclarations fiscales, dans un environnement associatif et culturel stimulant. Missions : Assurer la tenue de la comptabilité générale, incluant la saisie des factures, les rapprochements bancaires et le lettrage des comptes. Gérer la comptabilité analytique par projet et par entité, en distinguant la Fondation et le Musée pour une meilleure visibilité financière. Suivre et...",https://www.emploi.cm/offre-emploi-cameroun/comptable-hf-fondation-sophia-musee-ramscb-yaounde-edea-1178551,2026-05-11,emploi_cm,2026-05-22T10:50:20.044266
63,6fbad67bb8fde64b,Affilié Marketing - Yaoundé,Melbet Affiliate,Bafoussam - Bamenda - Bertoua - Buéa - Douala - Ebolowa - Garoua,"Qualification avant bac, Bac, Bac+1, Bac+2, Bac+3, Bac+4 - Bac+5 et plus",Communication - Marketing - Marketing Digital,"Nous recherchons 10 Affiliés Marketing dynamiques et motivés pour rejoindre notre équipe au Cameroun. Ce poste en CDD ou mission est idéal pour les débutants titulaires d'un niveau secondaire, souhaitant débuter une carrière dans le marketing et la communication sans expérience préalable. Responsabilités: Promouvoir nos produits et services via des campagnes marketing en ligne et hors ligne. Gérer et développer un réseau d'affiliés pour maximiser la visibilité et les ventes. Analyser les performances des campagnes et proposer des améliorations. Collaborer avec l'équipe marketing pour créer du contenu attractif et pertinent. Assurer un suivi régulier des prospects et clients pour optimiser la...",https://www.emploi.cm/offre-emploi-cameroun/affilie-marketing-yaounde-1179832,2026-05-13,emploi_cm,2026-05-22T10:50:20.044266
64,15c8177cbf8602d2,Stagiaire IA et Process Automation - Yaoundé,Sawego Sarl,Yaoundé,"Bac+2, Bac+3, Bac+4 & Bac+5 et plus",,"Nous recherchons un Stagiaire IA et Process Automation pour rejoindre notre équipe. Ce poste implique la participation à la conception et à l’amélioration de chatbots ainsi que l’automatisation des processus internes utilisant l’intelligence artificielle, afin d’optimiser les opérations de l’entreprise. Le stagiaire travaillera dans un environnement dynamique, axé sur l’innovation et la rapidité d’exécution. Missions : Participer à la création et à l’amélioration de chatbots (WhatsApp, web, etc.) pour diverses plateformes. Automatiser des tâches internes telles que le support client, les réponses automatiques et le suivi des processus. Tester et intégrer des outils d...",https://www.emploi.cm/offre-emploi-cameroun/stagiaire-ia-process-automation-yaounde-1177920,2026-05-08,emploi_cm,2026-05-22T10:50:20.044266
65,3bc8961bb4db70e9,Stagiaire en Gestion de Projets - Yaoundé,Axxentis,Yaoundé,"Bac+2, Bac+3, Bac+4 & Bac+5 et plus",,"Dans le cadre du développement de ses activités, notre structure recherche un(e) Stagiaire en Gestion de Projets pour participer au suivi et à la coordination de projets dans les domaines de l’électricité des bâtiments et des infrastructures informatiques. Le (la) stagiaire assistera les équipes dans l’organisation, la coordination et le suivi administratif et opérationnel des projets afin de garantir leur bonne exécution. Missions principales Participer au suivi et à la coordination des projets ; Participer à la préparation des documents et rapports de suivi ; Participer aux différents projets techniques et technologiques de l’entreprise dans un cadre d’apprentissage et de formation...",https://www.emploi.cm/offre-emploi-cameroun/stagiaire-gestion-projets-yaounde-1177936,2026-05-08,emploi_cm,2026-05-22T10:50:20.044266
66,b209d1dcda0b8106,Commercial IT / Chargé de Développement Commercial - Douala,Nexttech Core Sarl,Douala,"Bac+2, Bac+3, Bac+4 & Bac+5 et plus",Communication - CRM - Développement Commercial - Marketing - Négociation - Prospection - Prospection Commerciale - Suivi Commercial - Télémarketing - Vente,"Nous recherchons un Commercial IT / Chargé de Développement Commercial pour rejoindre notre équipe. Ce poste implique la prospection de nouveaux clients, la présentation des services numériques de l’entreprise, la compréhension des besoins des prospects, l’organisation de rendez-vous, le suivi des opportunités commerciales et la contribution à la signature de contrats. Le candidat devra posséder une bonne connaissance des solutions digitales et une capacité à convaincre dans un environnement dynamique. Missions : Développer le portefeuille clients de NextTech Core SARL en prospectant activement de nouveaux clients dans divers secteurs. Identifier, contacter et suivre les prospects pour comprendre leurs...",https://www.emploi.cm/offre-emploi-cameroun/commercial-it-charge-developpement-commercial-douala-1174886,2026-05-05,emploi_cm,2026-05-22T10:50:20.044266
67,eb2dbd2bff79d7f7,Développeur - Yaoundé,Sandagah,Yaoundé,"Bac+3, Bac+4 & Bac+5 et plus",,Nous sommes à la recherche d'un Développeur. Mission : Conception ERP,https://www.emploi.cm/offre-emploi-cameroun/developpeur-yaounde-1169225,2026-04-20,emploi_cm,2026-05-22T10:50:20.044266
68,cb9b1ef21a4285ee,Livreur Interne - Douala,Yanou I Holdings Sarl,Douala,"Qualification avant bac, Bac, Bac+1, Bac+2, Bac+3, Bac+4 & Bac+5 et plus",Transport,Nous sommes à la recherche des Livreurs Internes pour collaborer à la livraison de nos commandes. Qualités attendues Présentation soignée et comportement professionnel Ponctualité et respect des délais Livraison sécurisée des commandes Suivi des itinéraires optimaux Bonne communication avec les clients et l’équipe support YaFi Conditions Statut : Interne Salaire : 50 000 FCFA Salaire de base + 2000 FCFA de commission à partir de la 5 e livraison + les frais de livraison. Disponibilité : immédiate,https://www.emploi.cm/offre-emploi-cameroun/livreur-interne-douala-1083053,2026-05-06,emploi_cm,2026-05-22T10:50:20.044266
69,88db57d68db2bb24,Développeur Front-end Middle - Douala,Inov Consulting,Douala,"Bac+2, Bac+3, Bac+4 & Bac+5 et plus",API - CSS - CSS3 - GIT - HTML - JAVASCRIPT - REACT - REST,"À propos du poste Nous sommes une organisation dynamique basée à Douala, et nous recrutons un(e) Développeur(se) Front-end de niveau Middle pour renforcer notre équipe technique. Vous serez au cœur du développement de nos interfaces utilisateur, en collaboration étroite avec les équipes design et back-end. Missions principales Développer et maintenir des interfaces web réactives, performantes et accessibles Traduire les maquettes UI/UX en composants réutilisables et bien structurés Intégrer des APIs REST et/ou GraphQL en coordination avec l'équipe back-end Optimiser les performances web et garantir l'accessibilité des applications Participer aux revues de code et contribuer à l'amélioration des bonnes...",https://www.emploi.cm/offre-emploi-cameroun/developpeur-front-end-middle-douala-1172742,2026-04-28,emploi_cm,2026-05-22T10:50:20.044266
70,1bf8dfb67259e71d,Assistant en Gestion Financière et de Stock - Yaoundé,Supermarket,Yaoundé,Bac+4 & Bac+5 et plus,Audit - Comptabilité - Finance - Flux Financiers - Gestion - Gestion Financière - Rapports Financiers,"Nous recherchons un Assistant en Gestion Financière et de Stock pour rejoindre notre équipe. Ce poste implique la gestion quotidienne des finances et des inventaires, ainsi que la coordination avec l'équipe comptable, dans un environnement professionnel dynamique. Missions : Assurer la gestion précise et efficace des finances de l'entreprise, y compris le suivi des budgets et des dépenses. Gérer le stock de l'entreprise, en veillant à l'optimisation des niveaux de stock et à la rotation des produits. Coordonner avec les assistants comptables pour garantir la cohérence des données financières et comptables. Suivre et analyser les flux financiers et logistiques pour optimiser les processus internes....",https://www.emploi.cm/offre-emploi-cameroun/assistant-gestion-financiere-stock-yaounde-1178678,2026-05-11,emploi_cm,2026-05-22T10:50:20.044266
71,4ebc6858e9323ee9,Infographe - Yaoundé,Ayomedia,Yaoundé,Bac+2,Graphisme - ILLUSTRATOR - INDESIGN - PHOTOSHOP,"Dans le cadre du renforcement de nos capacités de productions, nous recherchons des Infographes qualifié, passionné, professionnel sur Yaoundé. Missions : L’identité visuelle Bannière, banderole, affiche Print : Agenda, cartes, plaquettes, dépliants, packaging Gestion des imprimantes laser et autres machines de façonnage La proposition en permanence des idées fraîches, créatives et nouvelles.",https://www.emploi.cm/offre-emploi-cameroun/infographe-yaounde-915936,2026-04-27,emploi_cm,2026-05-22T10:50:20.044266
72,8e643fb38520123d,Travail à Distance – Enregistrements Audio (sans Expérience) - International,Voice Data Ai,International,"Qualification avant bac, Bac, Bac+1, Bac+2, Bac+3, Bac+4 & Bac+5 et plus",,Nous recrutons des participants pour une mission 100% en ligne : réaliser des enregistrements audio (lecture de phrases / réponses guidées) destinés à améliorer des systèmes de reconnaissance vocale / Voice AI . Aucune expérience requise – tous profils acceptés Il suffit de : Savoir lire correctement ( FR et/ou EN et/ou Autres selon disponibilité) Avoir un smartphone + connexion internet Enregistrer dans un endroit calme et suivre des consignes simples Ce que vous ferez : Lire des scripts fournis ou répondre à des questions courtes Enregistrer votre voix via une application partenaire Soumettre les enregistrements pour ...,https://www.emploi.cm/offre-emploi-cameroun/travail-distance-enregistrements-audio-sans-experience-international-1172363,2026-04-27,emploi_cm,2026-05-22T10:50:20.044266
73,0380baba9110d3fc,Assistante de Direction (H/F) - Douala,Aa Digital Tech Sarl,Douala,"Bac+2, Bac+3, Bac+4 & Bac+5 et plus",Accueil - Assistanat - Bureautique - Communication - Documents Administratifs - Gestion Administrative - Organisation Administrative - Pack Office - Secrétariat,"Nous recherchons une Assistante de Direction (H/F) pour rejoindre notre équipe. Ce poste implique la gestion administrative, la coordination des activités et le soutien à la direction dans un environnement dynamique et en pleine croissance. Missions : Assurer la gestion quotidienne de l'agenda de la direction et organiser ses déplacements. Gérer la correspondance, les appels et les courriels entrants pour filtrer et prioriser les demandes. Préparer et rédiger des documents administratifs, rapports et présentations. Coordonner les réunions, rédiger les comptes rendus et suivre les actions décidées. Participer à l'organisation d'événements internes et externes liés à la direction.",https://www.emploi.cm/offre-emploi-cameroun/assistante-direction-hf-douala-1175435,2026-05-04,emploi_cm,2026-05-22T10:50:20.044266
74,144ebd48cca4d4df,Spécialiste en Statistique et Econométrie - Yaoundé,Naumur At,Yaoundé,Bac+5 et plus,Finance - Formation - Gestion - Projets RH - STATA,"Dans le cadre de ses activités, NAUMUR recrute un(e) Spécialiste en statistique et économétrie chargé(e) de fournir une expertise technique en analyse de données, modélisation économétrique et production de résultats statistiques fiables pour appuyer la prise de décision, notamment dans le secteur de l’éducation. Le/La titulaire du poste aura pour principales missions de : Concevoir et mettre en œuvre des méthodes d’analyse statistique et économétrique ; Collecter, traiter et analyser des données quantitatives complexes ; Développer des modèles économétriques pour l’évaluation des politiques et projets ; Produire des résultats chiffrés, rapports analytiques et notes techniques ; Contribuer aux...",https://www.emploi.cm/offre-emploi-cameroun/specialiste-statistique-econometrie-yaounde-1172756,2026-05-04,emploi_cm,2026-05-22T10:50:20.044266
75,7a3c43e48f9300ef,"Expert en Ingénierie Pédagogique et Formation - Nkolfoulou, Centre, Cameroon",Chambiss,Ngaoundéré & Yaoundé,Bac+5 et plus,,"L' Expert en ingénierie pédagogique et formation est responsable de la conception et de la structuration de dispositifs de formation, notamment pour des formations en ligne, et de l’accompagnement à l’usage des plateformes de formation. Ce poste est destiné à une personne passionnée par l’ingénierie pédagogique, capable de concevoir des parcours d’apprentissage efficaces et adaptés aux besoins des apprenants, tout en garantissant la qualité des contenus pédagogiques. Qualifications minimales : Être titulaire d’un diplôme Bac+5 en ingénierie pédagogique, sciences de l’éducation, technologies éducatives ou discipline connexe. Expérience générale : Cinq (05) ans d’...",https://www.emploi.cm/offre-emploi-cameroun/expert-ingenierie-pedagogique-formation-nkolfoulou-centre-cameroon-1168328,2026-05-04,emploi_cm,2026-05-22T10:50:20.044266
76,b9ec8e1ed5e35395,Stagiaire Commercial et Communication - Douala,Fsli Group,Douala,"Bac+3, Bac+4 & Bac+5 et plus",Prospection - Vente,Nous sommes à la recherche d'un Stagiaire Commercial et Communication. Missions : Contribution à la stratégie de communication . Gestion et animation des réseaux sociaux Prospection et suivi client Contribution aux différentes campagnes,https://www.emploi.cm/offre-emploi-cameroun/stagiaire-commercial-communication-douala-1174255,2026-04-30,emploi_cm,2026-05-22T10:50:20.044266
77,a50f6369fa5e7599,Agent de Recouvrement - Douala,Men Builder Sarl,Douala,"Bac+2, Bac+3, Bac+4 & Bac+5 et plus",Négociation - Recouvrement - Vente,"Nous recherchons un Agent de recouvrement pour rejoindre notre équipe. Ce poste implique la gestion des processus de recouvrement des créances, le suivi des dossiers clients et la négociation avec les débiteurs. Le rôle nécessite une capacité à travailler dans un environnement dynamique et orienté résultats. Missions : Assurer le suivi et la relance des dossiers de recouvrement. Négocier avec les débiteurs pour le paiement des créances en retard. Analyser les dossiers clients pour déterminer les actions appropriées. Collaborer avec les équipes internes pour optimiser les processus de recouvrement. Rédiger des rapports réguliers sur l’état des dossiers et les actions entreprises.",https://www.emploi.cm/offre-emploi-cameroun/agent-recouvrement-douala-1177888,2026-05-08,emploi_cm,2026-05-22T10:50:20.044266
78,4a44f232c05fb3ea,Stagiaire Technicien Réseaux et Systèmes - Yaoundé,Nitro Technologies,Yaoundé,"Qualification avant bac, Bac, Bac+1 & Bac+2",LINUX - TCP IP - VLAN,"Nous sommes à la recherche d'un Stagiaire Technicien Réseaux et Systèmes. Missions : Participer à l’installation et à la configuration des équipements réseau (routeurs, switchs, points d’accès Wi-Fi) Assister à la maintenance et au dépannage des infrastructures informatiques Contribuer à la supervision des réseaux et systèmes Participer aux projets de déploiement chez les clients Rédiger des rapports d’intervention et documentations techniques Assurer un support technique de premier niveau",https://www.emploi.cm/offre-emploi-cameroun/stagiaire-technicien-reseaux-systemes-yaounde-1168401,2026-04-20,emploi_cm,2026-05-22T10:50:20.044266
79,9b22154ad198b6c1,Stage Pratique d’Insertion Socio-Professionnelle - Yaoundé,Infocomweb,Yaoundé,"Bac, Bac+1, Bac+2, Bac+3, Bac+4 & Bac+5 et plus",CMS - Rédaction Web - Référencement Web - Web Communication - Web Content - Web Management - WORDPRESS,"Dans le cadre de l'expansion des prestations de service d'un organe de presse partenaire basé à l'étranger, des opportunités spéciales de Stages Pratiques d’Insertion Socio-professionnelle sont offertes dans les domaines suivants : 1 Journaliste (Anglophone & Francophone) ; 1 Traducteur/Traductrice Bilingue (Anglais & Français) ; 2 Webmasters maîtrisant le CMS WordPress.",https://www.emploi.cm/offre-emploi-cameroun/stage-pratique-insertion-socio-professionnelle-yaounde-1171100,2026-04-23,emploi_cm,2026-05-22T10:50:20.044266
80,1774607c43967ab8,Administrateur Système/Réseau/Base de Données - Yaoundé,Itgstore S.a.,Yaoundé,Bac+5 et plus,CISCO - FOUNDATION - ITIL,"Nous sommes à la recherche d'un Administrateur Système/Réseau/Base de données. Activités principales Déploiement des solutions Installer, administrer et tester les solutions dans son domaine d’activités · Détecter les situations nécessitant une escalade et suivre les procédures appropriées · Effectuer la résolution des incidents et des problèmes dans le respect des procédures en vigueur · Effectuer toutes autres tâches qui pourraient lui être confiées dans le cadre de ses compétences par son supérieur...",https://www.emploi.cm/offre-emploi-cameroun/administrateur-systemereseaubase-donnees-yaounde-1169587,2026-04-21,emploi_cm,2026-05-22T10:50:20.044266
81,cc07b7ef21dc6310,Responsable Financier (H/F) - Douala,Osp Cleaning & Services Cameroun,Douala,"Bac+3, Bac+4 & Bac+5 et plus",Audit - Comptabilité - États Financiers - Finance - Flux Financiers - Gestion - Gestion d'Entreprise - Gestion de la Trésorerie - Gestion Financière - Trésorerie,"Nous recherchons un Responsable Financier pour rejoindre notre équipe. Ce poste implique la gestion complète des aspects financiers, comptables et budgétaires de l'entreprise, ainsi que l'accompagnement stratégique de la direction dans ses décisions. Missions : Assurer la gestion financière, comptable et budgétaire de l'entreprise en conformité avec les normes en vigueur. Élaborer, suivre et analyser les budgets prévisionnels pour garantir la stabilité financière et soutenir la croissance de l'entreprise. Produire et analyser les états financiers périodiques afin de fournir une vision claire de la santé financière de l'organisation. Superviser la gestion de la trésorerie, optimiser les flux...",https://www.emploi.cm/offre-emploi-cameroun/responsable-financier-hf-douala-1176797,2026-05-07,emploi_cm,2026-05-22T10:50:20.044266
82,6c5c6760728dcae6,Stage Technicien en Electricité - Yaoundé,Axxentis,Yaoundé,"Bac+2, Bac+3, Bac+4 & Bac+5 et plus",BTP - Câblage - Climatisation - Domotique - Éclairage - Énergie - Énergie Électrique - Génie Électrique,"La société Axxentis recherche des jeunes H/F ayant un profil d’Électricien (option Électricité d'équipements) confirmé(e) pour renforcer son équipe. Vous évoluerez au sein d’une équipe au savoir-faire reconnu sur des projets & vous serez positionné(e) sur des projets innovants et à forte valeur ajoutée. Type de l'offre : Temps Plein Lieu : Yaoundé Missions : Réaliser les analyses, plans et schémas de câblage électriques, procéder aux installations et à la maintenance suivant les normes de sécurité électriques.",https://www.emploi.cm/offre-emploi-cameroun/stage-technicien-electricite-yaounde-1168518,2026-04-20,emploi_cm,2026-05-22T10:50:20.044266
83,3aa355851008083f,Electricien (Electricité D´équipements) - Yaoundé,Axxentis,Yaoundé,"Bac+2, Bac+3, Bac+4 & Bac+5 et plus",BTP - Câblage - Climatisation - Domotique - Éclairage - Énergie - Énergie Électrique - Génie Électrique,"La société Axxentis recherche des techniciens ou ingénieurs en électricité des bâtiments confirmé(e)s pour renforcer son équipe. Vous évoluerez au sein d’une équipe au savoir-faire reconnu sur des projets & vous serez positionné(e) sur des projets innovants et à forte valeur ajoutée. Type de l'offre : Temps Plein Lieu : Yaoundé Type de contrat : CDI Missions : Réaliser les analyses, plans et schémas de câblage électriques, procéder aux installations et à la maintenance suivant les normes de sécurité électriques.",https://www.emploi.cm/offre-emploi-cameroun/electricien-electricite-equipements-yaounde-1168519,2026-04-20,emploi_cm,2026-05-22T10:50:20.044266
84,2f520945e7458020,Consultant Technico-fonctionnel Oracle EBS - Paris,Galula Consulting,International,"Bac+3, Bac+4 & Bac+5 et plus",Cash Management - Comptabilité - Comptabilité Générale - Finance - Gestion - Gestion de la Trésorerie - Gestion des Immobilisations - ORACLE - SQL - Trésorerie,"Présentation de l’entreprise : Galula Consulting est une ESN spécialisée dans les solutions Oracle E-Business Suite, Oracle ERP Cloud et HCM Cloud. Nous accompagnons nos clients dans leur transformation digitale, leur permettant ainsi de réussir dans un environnement technologique en constante évolution. Nous sommes à la recherche d'un consultant expert pour rejoindre notre équipe et jouer un rôle clé dans l'accompagnement post migration Oracle EBS R12 de la solution finance pour l’un de nos clients prestigieux. Vos missions principales: Support Fonctionnel : Prendre en charge les demandes utilisateurs et assurer un support de niveau 2/3. Diagnostiquer et résoudre les anomalies...",https://www.emploi.cm/offre-emploi-cameroun/consultant-technico-fonctionnel-oracle-ebs-paris-1169100,2026-04-20,emploi_cm,2026-05-22T10:50:20.044266
85,e43bf8a7caa73586,Superviseur d´Entrepôt - International,Cheerful Transport,International,"Qualification avant bac, Bac, Bac+1, Bac+2, Bac+3, Bac+4 & Bac+5 et plus",Chargement - Déchargement - Domaine du Transport - Entrepôt - Gestion d'Entrepôt - Transport,"Nous recherchons un Superviseur d'entrepôt expérimenté pour rejoindre notre équipe de professionnels. Sous la supervision du Directeur des opération, le titulaire de ce poste sera responsable de coordonner les opérations de l'entrepôt, en assurant l'efficacité des processus de réception, de déchargement et de redistribution des marchandises. Il s'agit d'un poste de jour, du lundi au vendredi. Principales responsabilités Superviser et coordonner les activités de l'entrepôt incluant le déchargement, la répartition et le chargement des marchandises; Gérer une quinzaine d'employés d'entrepôt, y compris l'affectation des tâches, la formation et les relations de travail; Assurer le respect...",https://www.emploi.cm/offre-emploi-cameroun/superviseur-entrepot-international-1174766,2026-05-04,emploi_cm,2026-05-22T10:50:20.044266
86,ea0e29c9a2802763,Technico Commercial - Douala,Cameroon Office,Douala,"Bac, Bac+1, Bac+2, Bac+3, Bac+4 & Bac+5 et plus",Négociation - Prospection,CAMEROON OFFICE SARL est une jeune PME de la place basée à Douala Akwa carrefour Arno spécialisée dans la prestation de service et commerce général recherche pour ses services un (e) Technico Commercial en informatique dynamique et dévoué pour rejoindre son équipe. Missions principales : Prospection et veille concurrentielle Analyser les besoins et conseiller de la clientèle sur le choix du matériel Entretenir et fidéliser le portefeuille client existant Achats et/ou livraisons de marchandises chez les clients Agrandir le portefeuille client de l’entreprise Fournir à l’entreprise un chiffre d’affaire supérieur aux objectifs fixés Assurer les travaux d’installation et de...,https://www.emploi.cm/offre-emploi-cameroun/technico-commercial-douala-1171618,2026-04-24,emploi_cm,2026-05-22T10:50:20.044266
87,2dfa60face6462ab,Community Manager - Yaoundé,Ayomedia,Yaoundé,Bac,Communication - Communication Digitale - E-Commerce - Marketing - Marketing Digital - SEA - SEO - Télémarketing,"Nous recherchons deux (2) Community Manager passionnés et créatifs pour rejoindre notre équipe en pleine croissance. Les candidats retenus seront responsables du développement et de la mise en œuvre de stratégies marketing innovantes pour promouvoir les services de AYOMEDIA. Missions : Élaborer et exécuter des campagnes marketing sur les réseaux sociaux (Facebook, Instagram, TikTok, LinkedIn) Créer du contenu digital engageant (visuels, vidéos, articles de blog) Gérer la communication digitale de la marque et des produits partenaires Analyser les performances des campagnes et proposer des optimisations Développer des stratégies SEO/SEA pour améliorer la visibilité en ligne Collaborer avec les clients pour développer...",https://www.emploi.cm/offre-emploi-cameroun/community-manager-yaounde-1059655,2026-04-27,emploi_cm,2026-05-22T10:50:20.044266
88,466fc3e24d6c2c6d,Chargé(e) de Marketing et Vente - Yaoundé,Ayomedia,Yaoundé,Bac+2,Assistanat - CRM - Dossiers - Facebook Ads - Marketing - Marketing Digital - Stratégie Marketing - Vente,Nous recherchons un(e) Chargé(e) de Marketing et Vente expérimenté(e) pour rejoindre notre équipe à AYOMEDIA. La candidate retenu sera responsable de la mise en œuvre de notre stratégie marketing et de la vente de nos produits et services. Responsabilités : Développer et mettre en œuvre des stratégies marketing pour promouvoir les produits et services de l'entreprise Gérer les campagnes publicitaires et les relations avec les médias Analyser les données de vente et de marketing pour identifier les opportunités et les menaces Développer et maintenir des relations avec les clients et les partenaires. Négocier les contrats et les tarifs avec les clients Collaborer avec l'équipe de direction pour définir les...,https://www.emploi.cm/offre-emploi-cameroun/chargee-marketing-vente-yaounde-1028225,2026-04-27,emploi_cm,2026-05-22T10:50:20.044266
89,912f7dd58b4a0a6a,Stagiaire Développeur / Intégrateur WordPress - Yaoundé,Madia,Yaoundé,"Bac+2, Bac+3, Bac+4 & Bac+5 et plus",CSS - GIT - HTML - JAVASCRIPT - WORDPRESS,"Nous sommes à la recherche d'un Stagiaire Développeur / Intégrateur WordPress. Missions : En collaboration avec notre équipe, vous interviendrez sur : La création de pages complexes et modulables via Elementor , Gutenberg (ou autres builders si besoin) L’intégration de contenus selon les principes du responsive design La gestion de modèles de pages réutilisables (logique de templates, sections globales) L'optimisation des performances front-end (vitesse de chargement, structure légère) Le respect des bonnes pratiques en matière de SEO technique , accessibilité (a11y) et expérience utilisateur (UX) L’ajout de blocs personnalisés, animations ou interactions simples (CSS/JS...",https://www.emploi.cm/offre-emploi-cameroun/stagiaire-developpeur-integrateur-wordpress-yaounde-1070806,2026-04-17,emploi_cm,2026-05-22T10:50:20.044266
91,f3327dda921a75a6,Web Designer (H/F) - Yaoundé,Afreetech,Yaoundé,"Bac+2, Bac+3, Bac+4 & Bac+5 et plus",CSS - HTML - ILLUSTRATOR - PHOTOSHOP,"AFREETECH CAMEROON SARL est une entreprise informatique en pleine croissance, spécialisée dans le développement d’applications, la transformation digitale et l’intégration de nouvelles solutions innovantes, nous accompagnons nos clients dans la création d’expériences digitales performantes et attractives. Dans le cadre du renforcement de notre équipe, nous recrutons un(e) Web Designer créatif (ve) et passionné(e). Missions principales : Concevoir des maquettes web modernes (sites, applications, interfaces UX/UI) ; Créer des éléments graphiques (bannières, visuels, icônes, etc.) ; Améliorer l’expérience utilisateur (UX) et l’interface utilisateur (UI) ; Collaborer avec les...",https://www.emploi.cm/offre-emploi-cameroun/web-designer-hf-yaounde-1167438,2026-04-16,emploi_cm,2026-05-22T10:50:20.044266
92,12b2dc97c5d1ef06,Local Affiliate Manager - Whole Country,Lilbet,International,Qualification avant bac,Communication - Marketing,"Lilbet is looking for an Affiliate Manager to drive our growth in Africa. This is a fully remote role focused on building a robust network of affiliates and traffic sources within the African market. You will be responsible for the end-to-end management of affiliate relationships, from initial outreach to performance optimization. What you’ll be doing: sourcing and onboarding new webmasters building strong, long-term partnerships analyzing traffic performance and key metrics handling reconciliations and maintaining traffic quality What we offer: competitive base salary + high profit share transparent bonus system (no “guess the KPI” games) quarterly bonuses growth opportunities up...",https://www.emploi.cm/offre-emploi-cameroun/local-affiliate-manager-whole-country-1171077,2026-04-24,emploi_cm,2026-05-22T10:50:20.044266
93,d3003cd4732288bd,Secrétaire Administrative - Yaoundé,Sawego Sarl,Yaoundé,"Qualification avant bac, Bac, Bac+1, Bac+2, Bac+3, Bac+4 & Bac+5 et plus",Administration - Assistanat - Documents Administratifs - Dossiers - Secrétariat - Suivi des Dossiers - Support - WORD,"Nous recherchons un Secrétaire Administratif pour rejoindre notre équipe. Ce poste implique la gestion efficace de l'organisation administrative de l'entreprise, la coordination des documents, des rendez-vous, ainsi que la communication interne et externe. Le candidat idéal devra assurer un environnement professionnel organisé et fluide. Missions : Gérer les appels téléphoniques, les messages (WhatsApp, email) et assurer un accueil professionnel des visiteurs et partenaires. Organiser et planifier les rendez-vous ainsi que le calendrier de l'équipe. Rédiger, classer et archiver tous les documents administratifs de manière structurée. Assurer le suivi des dossiers clients, partenaires et fournisseurs....",https://www.emploi.cm/offre-emploi-cameroun/secretaire-administrative-yaounde-1170998,2026-04-23,emploi_cm,2026-05-22T10:50:20.044266
94,cac082f5cfadb368,Content Strategist (Création et Stratégie de Contenu Digital) - Yaoundé,Sawego Sarl,Yaoundé,"Qualification avant bac, Bac, Bac+1, Bac+2, Bac+3, Bac+4 & Bac+5 et plus",Analyse Marketing - Communication - Communication Digitale - Communication Marketing - Design - Marketing,"Nous recherchons un Responsable Stratégie de Contenu & Community Manager pour rejoindre notre équipe. Ce poste implique la construction et le développement de l’image de marque ainsi que l’engagement communautaire autour de Sawego Group et de ses produits. Vous serez au croisement du marketing, du produit et de la communication digitale, contribuant à renforcer la présence en ligne de l’entreprise. Missions : Définir et piloter la stratégie de contenu en accord avec les objectifs globaux de l’entreprise. Élaborer un calendrier éditorial cohérent et aligné sur les enjeux marketing et commerciaux. Créer des contenus engageants tels que des publications, vidéos et campagnes pour attirer et...",https://www.emploi.cm/offre-emploi-cameroun/content-strategist-creation-strategie-contenu-digital-yaounde-1171004,2026-04-23,emploi_cm,2026-05-22T10:50:20.044266
95,6820fc7d6c69b7ae,Développeur( Sénior) JAVA/ERP - Yaoundé,Isnov Sarl,Yaoundé,"Bac+3, Bac+4 & Bac+5 et plus",AGILE - API - BACK END - DOCKER - GITLAB - JAVA - JENKINS - MYSQL - ORACLE - POSTGRESQL - REST - SCRUM - SOAP - SPRING - SQL,"Nous sommes à la recherche d'un Développeur( Sénior) JAVA/ERP. Missions : En tant que Développeur sénior JAVA/ERP, vous interviendrez sur la conception, le développement et l’évolution de nos applications back end : Concevoir et développer des composants Java robustes pour des modules ERP ou des intégrations ERP (ex. Odoo, iNOV ERP, etc.). Concevoir des API REST/SOAP et des services middleware pour l’échange de données avec les ERP. Participer à la Conception d’architectures diverses (micro services, streaming, orchestrations, message queues). Analyser les besoins métiers et les traduire en solutions techniques efficaces. Diriger des revues de code, assurer la qualité (tests unitaires/...",https://www.emploi.cm/offre-emploi-cameroun/developpeur-senior-javaerp-yaounde-1166528,2026-04-14,emploi_cm,2026-05-22T10:50:20.044266
96,0d8919e34196dc01,Marketing and Consulting Internship - Douala,Indesign Arts,Douala,"Bac+1, Bac+2, Bac+3, Bac+4 & Bac+5 et plus",Business Development - Communication Marketing - Gestion des Ventes - IDEAL - INDESIGN - Vente,"InDesign Arts is seeking a motivated bilingual intern to join our team for a 3-month hands-on internship in Business Development and Marketing within the software sector. This role offers direct exposure to the client acquisition process, allowing you to gain practical experience while supporting real business activities. You will assist in building client pipelines, contribute to product-related tasks, and develop professional skills such as public speaking in a dynamic software environment. This is a practical learning opportunity where you will be actively involved in meaningful work rather than just observing. You will participate in the following activities as part of the client acquisition and product team: Support...",https://www.emploi.cm/offre-emploi-cameroun/marketing-consulting-internship-douala-1166036,2026-04-14,emploi_cm,2026-05-22T10:50:20.044266
97,b625da990354dcc5,Commercial Freelance / Apporteur D’Affaires - Tout le Cameroun,Objectif-Group,International,"Qualification avant bac, Bac, Bac+1, Bac+2, Bac+3, Bac+4 & Bac+5 et plus",CRM - Développement Commercial - Négociation - Négociation Commerciale - Prospection - Prospection Terrain - Vente,"Rejoignez Objectif Group en tant que Commercial Freelance / Apporteur d’Affaires et gagnez des commissions attractives sur chaque vente conclue auprès des PME, commerces et institutions au Cameroun. Missions & Responsabilités Prospecter activement de nouveaux clients : commerces, PME, institutions et supermarchés Présenter et vendre les solutions Objectif Group : ERP Odoo, sites web, maintenance informatique et formations digitales Réaliser des démonstrations rapides sur smartphone ou tablette Assurer le suivi des prospects jusqu’à la signature du contrat Développer et entretenir un réseau professionnel local Remonter les besoins terrain et objections clients à l’...",https://www.emploi.cm/offre-emploi-cameroun/commercial-freelance-apporteur-affaires-tout-cameroun-1169817,2026-04-22,emploi_cm,2026-05-22T10:50:20.044266
98,0bbd3e3d412e23d5,Professionnel Audio-Visuel - Douala,Fondation Africavenir International,Douala,Bac+3,Marketing Audiovisuel,"Le candidat au poste de professionnel audio-visuel doit être capable d'assurer les performances qui suivent : Captation vidéo et audio Production audiovisuelle Photographie professionnelle Installation et soutien technique Numérisation et copie de vidéos ( VHS, K7, mini DVD et DVD) , photos, diapositives et livres sur différents supports",https://www.emploi.cm/offre-emploi-cameroun/professionnel-audio-visuel-douala-1169951,2026-04-22,emploi_cm,2026-05-22T10:50:20.044266
99,427b27e984e87fe2,Designer Graphique - Douala,Etudier En France – Etef,Douala,"Qualification avant bac, Bac, Bac+1, Bac+2 & Bac+3",Communication - Communication Digitale - Community Management - Création Graphique - Design - ILLUSTRATOR - Marketing - PHOTOSHOP - Télémarketing,"Nous sommes à la recherche d'un Designer Graphique. Le Designer Graphique & Community Manager sera chargé de concevoir et de produire des supports visuels destinés à promouvoir les activités de l’entreprise, tout en assurant la gestion et l’animation de ses réseaux sociaux. Il/elle interviendra principalement dans la création de contenus graphiques (flyers, visuels digitaux, publications) en respectant l’identité visuelle de l’entreprise. Il/elle adaptera les messages et les formats aux différentes plateformes sociales afin d’ optimiser leur impact. En parallèle, il/elle assurera la gestion des pages sur les réseaux sociaux (TikTok, Instagram, Facebook), notamment la...",https://www.emploi.cm/offre-emploi-cameroun/designer-graphique-douala-1170480,2026-04-22,emploi_cm,2026-05-22T10:50:20.044266
100,c006acca58becc76,Community Manager - Yaoundé,Ipermedia,Yaoundé,"Bac+2, Bac+3, Bac+4 & Bac+5 et plus",Communication - Communication Digitale - Marketing - Référencement Web - Télémarketing - Web Communication - Web Community,"Nous recherchons un Community Manager avec solides références pour rejoindre notre équipe. Ce poste implique la gestion et le développement de la présence en ligne de notre entreprise, en utilisant des stratégies de communication numérique efficaces. Le candidat sera responsable de renforcer l'engagement communautaire et d'améliorer la visibilité de la marque à travers diverses plateformes digitales. Missions : Gérer et animer les réseaux sociaux de l'entreprise pour favoriser l'engagement et la fidélisation. Élaborer et mettre en œuvre des stratégies de communication web adaptées aux objectifs de l'entreprise. Optimiser le référencement web pour augmenter la visibilité sur les moteurs...",https://www.emploi.cm/offre-emploi-cameroun/community-manager-yaounde-1170451,2026-04-22,emploi_cm,2026-05-22T10:50:20.044266
101,78b8e394f8d70eb5,Commercial Expérimenté en Transit - Douala,Elimelec Sarl,Douala,"Bac+2, Bac+3, Bac+4 & Bac+5 et plus",Développement Commercial - Gestion Commerciale - Gestion de Portefeuille - Négociation - Prospection - Vente,"Nous recherchons un Commercial Expérimenté en Transit pour rejoindre notre équipe. Ce poste implique la gestion des activités commerciales dans le secteur du transit, en développant la relation client et en assurant la promotion des services liés à l'import-export et à la logistique. Le candidat devra directement contribuer à l'atteinte des objectifs commerciaux dans un environnement dynamique et exigeant. Missions : Apporter, développer et fidéliser un portefeuille clients au sein de la structure. » Identifier de nouvelles opportunités commerciales en lien avec les secteurs de l'import, de l'export et des services aéroportuaires et maritimes. Présenter et promouvoir les solutions de l...",https://www.emploi.cm/offre-emploi-cameroun/commercial-experimente-transit-douala-1174383,2026-04-30,emploi_cm,2026-05-22T10:50:20.044266
102,78c9e3249d51eb39,Assistant Administratif - Douala et Autres,Cds,Douala - Garoua - Maroua & Yaoundé,"Bac, Bac+1, Bac+2, Bac+3, Bac+4 & Bac+5 et plus",Assistance Administrative - Comptabilité - Finance - Gestion - Management,Nous sommes à la recherche d'un Assistant Administratif.,https://www.emploi.cm/offre-emploi-cameroun/assistant-administratif-douala-autres-1164603,2026-04-09,emploi_cm,2026-05-22T10:50:20.044266
103,539728b01d9d2bca,Consultant SAP Senior (H/F),Africashore,Bafoussam - Bamenda - Bertoua - Buéa - Douala - Ebolowa - Garoua,Bac+3,ABAP - SAP,"Nous recherchons un Consultant SAP Sénior (H/F) pour notre client, une société multinationale dans le domaine des services informatiques. Mission : Participer aux études préalables et à l'élaboration des cahiers des charges. Mener de bout en bout les enrichissements/projets validés au carnet de travail Logistique SAP Achats, Stocks voire Production Planning (conception, paramétrage, réalisation, tests, conduite du changement, formation, support post go-live…) avec un fort engagement de résultat et une forte interaction avec les correspondants métiers. Participer au développement et au...",https://www.emploi.cm/offre-emploi-cameroun/consultant-sap-senior-hf-949424,2026-04-13,emploi_cm,2026-05-22T10:50:20.044266
104,74f45f55c6ba503d,Cloud Microservices Architect (M/F),Africashore,Bafoussam - Bamenda - Bertoua - Buéa - Douala - Ebolowa - Garoua,Bac+3,ACCESS - AGILE - AZURE - CVS - DOCKER,"We are looking for Cloud Microservices Architect profiles / CVs to share with our clients for their future recruitment campaigns. Mission: Design, build, and maintain Cloud environments focusing on uptime, access, control, and Network security using automation and configuration management tools. Guide the definition of best practices in collaboration with other areas of engineering group. Research and provide guidance on adoption of new technologies. Provide guidance to Product Managers on feasibility pf product requests. You will be creating, recreating, rewriting and refactor applications. You will be working on Cloud-based application development...",https://www.emploi.cm/offre-emploi-cameroun/cloud-microservices-architect-mf-933508,2026-04-13,emploi_cm,2026-05-22T10:50:20.044266
105,2ab3e4f2cc642caf,Z/OS System Engineer Senior Storage(H/F),Africashore,Bafoussam - Bamenda - Bertoua - Buéa - Douala - Ebolowa - Garoua,Bac+3,CICS - DB2 - IBM - JCL - MVS - TSO - VSAM - ZOS,"Nous recherchons des profils / CV de Z/OS System Engineer Senior Storage (H/F) pour les transmettre à nos clients dans le cadre de leurs futures campagnes de recrutement. Mission : Mise en œuvre, suivi et gestion technique opérationnelle des opérations, Enrichissement et rechargement des environnements Mainframe z/OS d’homologation et de répétition de bascules. Définition des partitions (création du socle, SGBD, middlewares transactionnels et flux, service techniques, sécurité), clonage et alimentation de données, interopération avec les environnements mainframe et distribués (non mainframe)....",https://www.emploi.cm/offre-emploi-cameroun/zos-system-engineer-senior-storagehf-933516,2026-04-13,emploi_cm,2026-05-22T10:50:20.044266
106,c6063e0a27c9d95a,Consultant SAP ABAP (H/F),Africashore,Bafoussam - Bamenda - Bertoua - Buéa - Douala - Ebolowa - Garoua,Bac+3,ABAP - SAP,"Nous recherchons un Consultant SAP ABAP (H/F) pour notre client, une société multinationale dans le domaine des services informatiques. Mission : Assurer la liaison avec les équipes de livraison pour aider à développer l'activité autour des caractéristiques techniques à venir, conformément à la stratégie et aux objectifs de l'organisation. Participation aux phases de conception et réalisation des développements. Mentorat des membres juniors de l'équipe ABAP ou de l'équipe technique au sein de l'organisation. Vous êtes en charge de la construction d'actifs et d'accélé...",https://www.emploi.cm/offre-emploi-cameroun/consultant-sap-abap-hf-949421,2026-04-13,emploi_cm,2026-05-22T10:50:20.044266
107,6f48db5e902b2a33,Consultant SAP FI-CO/PS (H/F),Africashore,Bafoussam - Bamenda - Bertoua - Buéa - Douala - Ebolowa - Garoua,Bac+3,SAP,"Nous recherchons un Consultant SAP FI-CO/PS (H/F) pour notre client, une société multinationale dans le domaine des services informatiques. Mission : Concevoir, mettre en œuvre, déployer et soutenir les solutions financières SAP pour la finance, la comptabilité, le contrôle des coûts et le contrôle de gestion. Maintenir les compétences dans la conception et la configuration des processus des applications SAP ; la conception, le développement, l'intégration, les tests et le déploiement des applications SAP ; et l'architecture technique des applications SAP. Comprendre les exigences de l'entreprise afin de...",https://www.emploi.cm/offre-emploi-cameroun/consultant-sap-fi-cops-hf-949422,2026-04-13,emploi_cm,2026-05-22T10:50:20.044266
108,af8943900f76dd29,ANGULAR Developer (M/F),Africashore,Bafoussam - Bamenda - Bertoua - Buéa - Douala - Ebolowa - Garoua,Bac+3,BOOTSTRAP - CSS3 - CVS - GIT - JAVASCRIPT - JQUERY - LESS - MVC - MYSQL - REST,"We are looking for ANGULAR Developer profiles / CVs to pass on to our clients for their future recruitment campaigns. Mission: Working within a Team to determine needs and applying / customizing existing technology to meet those needs. Producing detailed specifications and writing the program codes that perform efficiently. Write clean, scalable, reusable code using ANGULAR framework such as LumX, NGX-Bootstrap, Vue.js etc. Be responsible for providing technical guidance or solutions. Define, advocate, and implement best practices and coding standards for the team. Develop and guide the team members in enhancing their technical capabilities and increasing productivity. Manage, train...",https://www.emploi.cm/offre-emploi-cameroun/angular-developer-mf-933482,2026-04-13,emploi_cm,2026-05-22T10:50:20.044266
109,4ad8efae8242e6be,DOTNET Developer (M/F),Africashore,Bafoussam - Bamenda - Bertoua - Buéa - Douala - Ebolowa - Garoua,Bac+3,API - ASP - C# - CSS - CVS - DOTNET - FRONT END - HTML - HTTP - LINUX - MVC - MYSQL - NET - QUERY - REST - SOAP - SQL,"We are looking for DOTNET Developer profiles / CVs to pass on to our clients for their future recruitment campaigns. Mission: Working within a Team to determine needs and applying / customizing existing technology to meet those needs. Producing detailed specifications and writing the program codes that perform efficiently. Write clean, scalable, reusable code using.NET programming languages. Advanced conceptual understanding of at least one Programming Language. Advanced conceptual understanding of one database and one Operating System. Understanding of Software Engineering with practice in at least one project. Exposure to Design Principles and ability to understand Design...",https://www.emploi.cm/offre-emploi-cameroun/dotnet-developer-mf-933484,2026-04-13,emploi_cm,2026-05-22T10:50:20.044266
110,11337f6fade2bde5,IOS Developer (M/F),Africashore,Bafoussam - Bamenda - Bertoua - Buéa - Douala - Ebolowa - Garoua,Bac+3,AGILE - APP - COCOA - CVS - FOUNDATION - GIT - SWIFT - TMS,"We are looking for iOS Developer profiles / CVs to pass on to our clients for their future recruitment campaigns. Mission: Implement, develop, and fix code according to corporate coding standards. Design and build advanced applications for the iOS platform. IOS Developer, who is responsible for App development with quality and by following the best practices. Ability to write scalable and maintainable code. Coordinate with other team members to ensure that all TMs are in sync. Be self-starter and goal-oriented with strong analytical and problem-solving skills. Ability to work cooperatively within a strong diverse technical community to expedite development tasks. Collaborate...",https://www.emploi.cm/offre-emploi-cameroun/ios-developer-mf-933485,2026-04-13,emploi_cm,2026-05-22T10:50:20.044266
111,da77d93a2a24eb50,JAVASCRIPT Developer (M/F),Africashore,Bafoussam - Bamenda - Bertoua - Buéa - Douala - Ebolowa - Garoua,Bac+3,ANGULAR JS - API - BACKBONE JS - CSS - CVS - DOJO - HTML - JAVASCRIPT - JENKINS - JQUERY - MONGODB - ORACLE,"We are looking for JAVASCRIPT Developer profiles / CVs to pass on to our clients for their future recruitment campaigns. Mission: Primarily responsible for developing software components using Core JavaScript, HTML5 and CSS. Ensure designs are in compliance with specifications. Prepare and produce releases of software components. Help maintain code quality, organization, unit tests and automation. Support continuous improvement by investigating alternatives and technologies and presenting these for architectural review. Building sustainable coding that may be used in the future. Modifying designs and specifications of complex applications. Analyzing code, requirements, system...",https://www.emploi.cm/offre-emploi-cameroun/javascript-developer-mf-933488,2026-04-13,emploi_cm,2026-05-22T10:50:20.044266
112,1c6ffcfc50ffd16d,LARAVEL Developer (M/F),Africashore,Bafoussam - Bamenda - Bertoua - Buéa - Douala - Ebolowa - Garoua,Bac+3,AJAX - CODEIGNITER - CSS - CVS - GIT - HTML - JAVASCRIPT - JQUERY - LARAVEL - MARIADB - MVC - MYSQL - NOSQL - QUERY - SOAP - SQL - TFS,"We are looking for LARAVEL Developer profiles / CVs to pass on to our clients for their future recruitment campaigns. Mission: Develop, test, and maintain applications to specified designs & standards in Laravel. Develop & implement modern web services using service-oriented architecture, RESTful APIs, and SOAP. Write and execute unit tests. Implement front-end interfaces & experiences with modern HTML/CSS/jQuery. Test, troubleshoot, and optimize application components for maximum speed, security, stability and scalability. Developing and maintaining dynamic websites and web applications. Develop and deploy new features to facilitate related procedures and tools if...",https://www.emploi.cm/offre-emploi-cameroun/laravel-developer-mf-933490,2026-04-13,emploi_cm,2026-05-22T10:50:20.044266
113,22bdf52b606830ff,NODE.JS Developer (M/F),Africashore,Bafoussam - Bamenda - Bertoua - Buéa - Douala - Ebolowa - Garoua,Bac+3,BOOTSTRAP - CSS3 - CVS - DOCKER - GIT - JAVASCRIPT - JIRA - JQUERY - JSON - LESS - MONGODB - MVC - MYSQL - NODE JS - NOSQL - POSTGRESQL - REACT - REDIS - REST - SQL - XML,"We are looking for NODE.JS Developer profiles / CVs to pass on to our clients for their future recruitment campaigns. Mission: Design and develop business logic and backend services for full-scale applications. Be responsible for designing, coding, testing, and implementing web applications. Write scalable, robust, testable, efficient, and easily maintainable code for our online comparison calculators and internal tools. Be responsible for system design and application development of web applications. Documenting Node.js processes, including database schemas, as well as preparing reports. Design and implementation of low-latency, high-availability, and high-performance applications...",https://www.emploi.cm/offre-emploi-cameroun/nodejs-developer-mf-933491,2026-04-13,emploi_cm,2026-05-22T10:50:20.044266
114,2ea99c129d97a902,OBJECTIVE-C Developer (M/F),Africashore,Bafoussam - Bamenda - Bertoua - Buéa - Douala - Ebolowa - Garoua,Bac+3,ANDROID - APP - COCOA - CSS - CVS - EDGE - GIT - HTML - JAVASCRIPT - JQUERY - JSON - LINUX - MAC - MERCURIAL - OSX - REST - SWIFT - XML,"We are looking for OBJECTIVE-C Developer profiles / CVs to pass on to our clients for their future recruitment campaigns. Mission: Design and build advanced applications for the iOS platform. Analyze client business requirements and user experience to shape, design, and build custom mobile experiences for the clients. Collaborate with cross-functional teams to define, design, and ship new features. Ensure the performance, quality, and responsiveness of applications. Unit-test code for robustness, including edge cases, usability, and general reliability. Work on bug fixing and improving application performance. Help maintain code quality, organization, and automatization. Work on...",https://www.emploi.cm/offre-emploi-cameroun/objective-c-developer-mf-933492,2026-04-13,emploi_cm,2026-05-22T10:50:20.044266
115,58f2c853a9501f72,PHP Developer (M/F),Africashore,Bafoussam - Bamenda - Bertoua - Buéa - Douala - Ebolowa - Garoua,Bac+3,AJAX - API - CODEIGNITER - CSS3 - CVS - GIT - JAVASCRIPT - LARAVEL - MAGENTO - MERCURIAL - MONGODB - MVC - MYSQL - NOSQL - ORACLE - SQL - SYMFONY - XML - ZEND,"We are looking for PHP Developer profiles / CVs to pass on to our clients for their future recruitment campaigns. Mission: Writing clean, fast code PHP to a high standard, in a timely and scalable way. Design E-Commerce websites and Dashboards using PHP, and Strong Knowledge on Integrations Like, Payment gateway, APi s etc. Establishing and guiding the website s architecture. Conducting analysis of website and application requirements. Writing back-end code and building efficient PHP modules. Developing back-end portals with an optimized database. Updating and altering application features to enhance performance. Helping formulate an effective, responsive design and turning it...",https://www.emploi.cm/offre-emploi-cameroun/php-developer-mf-933493,2026-04-13,emploi_cm,2026-05-22T10:50:20.044266
116,aeb7349f297f97e6,PYTHON Developer (M/F),Africashore,Bafoussam - Bamenda - Bertoua - Buéa - Douala - Ebolowa - Garoua,Bac+3,AGILE - API - CSS - CVS - DJANGO - HTML - PYTHON - SCRUM - SQL - TORNADO,"We are looking for PYTHON Developer profiles / CVs to pass on to our clients for their future recruitment campaigns. Mission: Design, implement, maintain and deploy applications. Convert specifications and requirements into functional application code. Demonstrate focus on quality (unit testing, system testing, user acceptance testing) and product support ownership... Support deployments and releases. Creating products that are user-friendly, effective and appealing. Enforce good programming practices. Contribute to develop, maintain and improve in house python applications. Work closely with other development teams to ensure successful implementation of applications. Conduct...",https://www.emploi.cm/offre-emploi-cameroun/python-developer-mf-933494,2026-04-13,emploi_cm,2026-05-22T10:50:20.044266
117,b000ad70c74bb0b9,QA Tester (M/F),Africashore,Bafoussam - Bamenda - Bertoua - Buéa - Douala - Ebolowa - Garoua,Bac+3,AGILE - API - APP - CVS - JAVA - MAVEN - MYSQL - SCRUM - SELENIUM - SQL,"We are looking for QA Tester profiles / CVs to pass on to our clients for their future recruitment campaigns. Mission: Work on tasks identified in the testing strategy and plan. Be responsible for the accurate recording of defects and the collation of metrics and KPI information for reporting purposes. Articulation of defects in detailed manner, assigning defects to technical teams, capturing target fix dates. Identifie the tasks and resources needed to ensure that their specific portion of the testing process meets software quality requirements prior to release into a live environment. Establish the testing process such as test automation, performance testing, testing process, test...",https://www.emploi.cm/offre-emploi-cameroun/qa-tester-mf-933495,2026-04-13,emploi_cm,2026-05-22T10:50:20.044266
118,02756bf45274f3e3,REACT Developer (M/F),Africashore,Bafoussam - Bamenda - Bertoua - Buéa - Douala - Ebolowa - Garoua,Bac+3,BOOTSTRAP - CSS - CVS - GIT - JAVA - JAVASCRIPT - JQUERY - LESS - REACT,"We are looking for REACT Developer profiles / CVs to pass on to our clients for their future recruitment campaigns. Mission: Responsible for requirement analysis, Design and Development of modules. Using React and Redux, design and develop user interface components for JavaScript-based online and mobile apps. Develop new user-facing features. Build reusable code and libraries for future use. Ensure the technical feasibility of UI/UX designs. Writing application interface codes using JavaScript following react.js workflows. Review code, elicit requirements and design specifications. Prepares the deployment documents and deploys the code. Reports status to Project management...",https://www.emploi.cm/offre-emploi-cameroun/react-developer-mf-933496,2026-04-13,emploi_cm,2026-05-22T10:50:20.044266
119,af9736670a4541cb,RUBY ON RAILS Developer (M/F),Africashore,Bafoussam - Bamenda - Bertoua - Buéa - Douala - Ebolowa - Garoua,Bac+3,AGILE - CSS - CVS - DOCKER - GIT - HTML - JAVASCRIPT - JIRA - JQUERY - MONGODB - MYSQL - POSTGRESQL - RUBY ON RAILS,"We are looking for RUBY ON RAILS Developer profiles / CVs to pass on to our clients for their future recruitment campaigns. Mission: Providing enhancements to the application platform with specific emphasis on sound fundamental development methodology in Ruby on Rails. Design and develop responsive, high performing web applications using modern techniques and frameworks as well as write tests and perform code reviews in a dynamic, fast paced agile environment. Maintain responsibility for analysis of Incident Tickets & Resolution, supply to Continual Service Improvement Programs. Writte and maintain reliable Ruby code. Integrating user-facing elements designed by the front-end team...",https://www.emploi.cm/offre-emploi-cameroun/ruby-on-rails-developer-mf-933497,2026-04-13,emploi_cm,2026-05-22T10:50:20.044266
120,67c26e96197631b7,SWIFT Developer (M/F),Africashore,Bafoussam - Bamenda - Bertoua - Buéa - Douala - Ebolowa - Garoua,Bac+3,AGILE - CVS - GIT - MERCURIAL - REST - SCRUM - SWIFT,"We are looking for SWIFT Developer profiles / CVs to pass on to our clients for their future recruitment campaigns. Mission: We are looking for an iOS/Swift developer responsible for the development and maintenance of applications aimed towards iOS and OS X, including mobile phones, tablets, and full. Plan, design and build advanced and build secure applications for iOS and OS X platform. Monitor the performance, quality, and responsiveness of company s applications. Work with the rest of the team to define, design, and develop new features. Find and fix bugs in a timely manner. Worked in Agile / SCRUM Methodology. Help maintain high-level code quality, organization and...",https://www.emploi.cm/offre-emploi-cameroun/swift-developer-mf-933498,2026-04-13,emploi_cm,2026-05-22T10:50:20.044266
121,66727a8a31cbfb1e,Test and Validation Engineer (M/F),Africashore,Bafoussam - Bamenda - Bertoua - Buéa - Douala - Ebolowa - Garoua,Bac+3,CVS - RHEL - SUSE,"We are looking for Test and Validation Engineer profiles / CVs to pass on to our clients for their future recruitment campaigns. Mission: Develop and apply design verification and validation protocols based on system requirements and approved procedures and standards (ISO, IEC and FDA). Identify tasks required to complete projects in accordance with Design Control procedures. Propose technical solutions and associated schedules to complete projects on time. Design and build test benches; follow up maintenance and calibration. Create, analyse and summarise documentation of verification and validation results for internal reviews and regulatory submissions. Supervise and perform...",https://www.emploi.cm/offre-emploi-cameroun/test-validation-engineer-mf-933499,2026-04-13,emploi_cm,2026-05-22T10:50:20.044266
122,86e33344062d2812,Test Automation Engineer (M/F),Africashore,Bafoussam - Bamenda - Bertoua - Buéa - Douala - Ebolowa - Garoua,Bac+3,API - CVS - GIT - GITLAB - JAVASCRIPT - JENKINS - LINUX - MATRIX - MYSQL - ORACLE - PYTHON - SHELL - SQL,"We are looking for Test Automation Engineer profiles / CVs to pass on to our clients for their future recruitment campaigns. Mission: Develop, maintain, and execute automation tests. Develop and maintain test automation architecture and frameworks. Write complex scripts in one or more programming languages. Ensure scalability of automation and Continuous Integration across the solution. Assist in analysis and piloting of best-in-class automation testing tools and propose commission and use to relevant stakeholders. Design and develop strategic automated tests while maintaining and enhancing frameworks and test tools. Reviews specifications to determine software engineering...",https://www.emploi.cm/offre-emploi-cameroun/test-automation-engineer-mf-933500,2026-04-13,emploi_cm,2026-05-22T10:50:20.044266
123,10299911a57d55a2,UX / UI Designer (M/F),Africashore,Bafoussam - Bamenda - Bertoua - Buéa - Douala - Ebolowa - Garoua,Bac+3,AJAX - BOOTSTRAP - CSS - CVS - GIT - HTML - ILLUSTRATOR - JAVASCRIPT - PHOTOSHOP,"We are looking for UX / UI Designer profiles / CVs to pass on to our clients for their future recruitment campaigns. Mission: Design graphic user interface elements, like menus, tabs, and widgets. Be in proactive mode to instill new approaches in design. Produce and enhance wireframes, interactive prototypes, user flow diagrams, and other UI-UX design solutions for Desktop & Mobile products. Create visuals for the web (editing, photo, video, etc.). Develop UI mockups and prototypes that clearly illustrate how sites function and look like. Create mock-ups in accordance with the graphic charter of the brand or product. Design interfaces for web and mobile. Build page...",https://www.emploi.cm/offre-emploi-cameroun/ux-ui-designer-mf-933501,2026-04-13,emploi_cm,2026-05-22T10:50:20.044266
124,31c271385108f110,AWS Cloud Architect (M/F),Africashore,Bafoussam - Bamenda - Bertoua - Buéa - Douala - Ebolowa - Garoua,Bac+3,AGILE - ALM - BASH - CVS - DNS - DOCKER - HTTP - IOT - JENKINS - LOAD BALANCING - PUPPET - PYTHON - REACT - SCRUM - SSL,"We are looking for AWS Cloud Architect profiles / CVs to share with our clients for their future recruitment campaigns. Mission: Support and advise clients in the adoption and deployment of AWS services (IT Strategy, Opportunity Study, Audit, Framework and Roadmap). Design solution platforms integrating AWS reference services (Serverless Architecture, Analytics, IoT, EKS, ...) in Native Cloud and Hybrid Cloud contexts. Conduct research, tests, and execute new techniques which could be reused and applied to the project. Accountable for designing, building, and optimizing automation systems that help to execute business web and data infrastructure platforms.",https://www.emploi.cm/offre-emploi-cameroun/aws-cloud-architect-mf-933502,2026-04-13,emploi_cm,2026-05-22T10:50:20.044266
125,6f55072c72d86f2c,AWS Solutions Architect (M/F),Africashore,Bafoussam - Bamenda - Bertoua - Buéa - Douala - Ebolowa - Garoua,Bac+3,API - BIG DATA - CENTOS - CVS - DMS - DNS - DOCKER - HADOOP - HTTP - LINUX - RDS - SPARK - TALEND,"We are looking for AWS Solutions Architect profiles / CVs to share with our clients for their future recruitment campaigns. Mission: Design a robust, secure and optimized AWS architecture to implement large scale enterprise data solutions and applications. Develop and deliver AWS Cloud solutions in areas such as AIML, advanced analytics, microservices, serverless, etc. Build highly scalable, Cloud-native applications on AWS platform using services like API Gateway, Lambda, SQS, DynamoDB and ECS. Implement and manage KuberNetes environments. Ensure configuration and compliance with configuration management tools. Administer and troubleshoot Linux based...",https://www.emploi.cm/offre-emploi-cameroun/aws-solutions-architect-mf-933503,2026-04-13,emploi_cm,2026-05-22T10:50:20.044266
126,388cb7cee2d7767e,AZURE Solutions Architect (M/F),Africashore,Bafoussam - Bamenda - Bertoua - Buéa - Douala - Ebolowa - Garoua,Bac+3,ACCESS - AGILE - ARM - AZURE - COSMOS - CVS - PAAS - REDIS - SHELL - SQL,"We are looking for AZURE Solutions Architect profiles / CVs to share with our clients for their future recruitment campaigns. Mission: Serve as in-house technical expert providing technical guidance on new features & functionalities, drive the deployment of the customers workloads into Azure and provide deployment guidance. Deliver Cloud platform architecture documents detailing the vision for how Azure infrastructure and platform services support the overall application architecture. Proven background in the design and implementation of large scale, global, complex custom application development systems (e.g., high transaction volumes). Experience problem solving...",https://www.emploi.cm/offre-emploi-cameroun/azure-solutions-architect-mf-933504,2026-04-13,emploi_cm,2026-05-22T10:50:20.044266
127,9d1a45a411655c4e,Cloud Architect (M/F),Africashore,Bafoussam - Bamenda - Bertoua - Buéa - Douala - Ebolowa - Garoua,Bac+3,AGILE - API - ARM - AZURE - C# - COSMOS - CVS - LESS - NOSQL - PAAS - SQL - VM,"We are looking for Cloud Architect profiles / CVs to share with our clients for their future recruitment campaigns. Mission: Lead analysis, recommendations, and presentation of approaches on Cloud migration roadmaps, architecture / designs etc. Involve in conducting Azure readiness assessments and evaluations and delivery of assessment reports, architecture/design/ deployment documents & presentations. Architecting Cloud solutions for new applications. Design Cloud architectures, environments, and solutions that meet the business requirements with an emphasis on meeting the overall business goals. Design highly available, scalable and secure solutions using...",https://www.emploi.cm/offre-emploi-cameroun/cloud-architect-mf-933505,2026-04-13,emploi_cm,2026-05-22T10:50:20.044266
128,ff1597190e3f12fe,Cloud Computing and Virtualization Engineer (M/F),Africashore,Bafoussam - Bamenda - Bertoua - Buéa - Douala - Ebolowa - Garoua,Bac+3,AZURE - CVS - DOCKER - LINUX,"We are looking for Cloud Computing and Virtualization Engineer profiles / CVs to share with our clients for their future recruitment campaigns. Mission: Must be able to work independently and take ownership. Work proactively and should be result oriented. Discuss with customer to understand the project requirement and suggest industry level Cloud solutions. Design and develop best fit Cloud solutions architecture, Network architecture and evaluate architectural alternatives. Provide technical support for Cloud architecture design, deployment and maintenance. Design secure, scalable and HA / DR strategies on Cloud technologies. Analyse and resolve...",https://www.emploi.cm/offre-emploi-cameroun/cloud-computing-virtualization-engineer-mf-933506,2026-04-13,emploi_cm,2026-05-22T10:50:20.044266
129,931dbf095cc6adbd,Cloud Engineer (M/F),Africashore,Bafoussam - Bamenda - Bertoua - Buéa - Douala - Ebolowa - Garoua,Bac+3,API - ARM - BGP - CVS - IAM - PUPPET - PYTHON - RDS - REST,We are looking for Cloud Engineer profiles / CVs to share with our clients for their future recruitment campaigns. Mission: Implement IAM policies and configure VPCs to create a scalable and secure Network for the application workloads. Develop and manage AWS development and migration programs. Build Data Integration scripts using Python to integrate with upstream/downstream systems (within AWS Cloud Services ecosystem). Develop application code for programs while following coding standards. Resolve queries/issues and provide Application/functional support. Recommend changes to improve established Data Integration processes. Provides...,https://www.emploi.cm/offre-emploi-cameroun/cloud-engineer-mf-933507,2026-04-13,emploi_cm,2026-05-22T10:50:20.044266
130,f9fec764e532a51d,Cloud System Integrator (M/F),Africashore,Bafoussam - Bamenda - Bertoua - Buéa - Douala - Ebolowa - Garoua,Bac+3,AGILE - CVS,We are looking for Cloud System Integrator profiles / CVs to share with our clients for their future recruitment campaigns. Mission: Create future-proof system architectures for our highly interconnected 4G/5G communication solutions. Define competitive end-to-end solutions together with top experts from different teams in an international environment. Demonstrate strong understanding of Networking and security architectures and engage in technical discussions with Network and security architects of large enterprises. Present both industry and Zscaler technical architecture as it relates to customers and prospects environment and technical requirements. Ensure that our solutions fit smoothly...,https://www.emploi.cm/offre-emploi-cameroun/cloud-system-integrator-mf-933510,2026-04-13,emploi_cm,2026-05-22T10:50:20.044266
131,5bb4bf013e6c46aa,GENESYS Architect (M/F),Africashore,Bafoussam - Bamenda - Bertoua - Buéa - Douala - Ebolowa - Garoua,Bac+3,BASH - CVS - GENESYS - JAVA - JAVASCRIPT - PAAS - POWERSHELL - PYTHON - VMWARE,"We are looking for GENESYS Architect profiles / CVs to share with our clients for their future recruitment campaigns. Mission: Deep and relevant expertise on Genesis Cloud services, along with contact center industry experience. Be the direct point of technical contact to provide high-quality consultancy for Genesys solutions to customers. Develop and maintain integration and Cloud solutions. Knowledge and experience on Cloud computing models (IaaS, PaaS, and SaaS). Experience with software development and one or more development or scripting languages (e.g. Java. Golang, Python, JavaScript, TypeScript, Bash, PowerShell). Self-starter with deep hands-on work experience with production...",https://www.emploi.cm/offre-emploi-cameroun/genesys-architect-mf-933513,2026-04-13,emploi_cm,2026-05-22T10:50:20.044266
132,b7b07e7e7e635347,Network Architect (M/F),Africashore,Bafoussam - Bamenda - Bertoua - Buéa - Douala - Ebolowa - Garoua,Bac+3,BGP - CISCO - CVS - DHCP - DNS - ETHERNET - JUNIPER - MPLS - PYTHON - SNMP - TCP IP - WAN,We are looking for Network Architect profiles / CVs to share with our clients for their future recruitment campaigns. Mission: Deliver Core Backbone Network Designs in alignment with industry best practices. Deliver Customer Network Designs in alignment with industry best practices. Support and Alignment with Internal Teams. Contributor to Automation Stakeholders to deliver speed and accuracy for the enablement of new services. Perform Core Network Changes. Manage technical Network solutions and framework of [24]7 Network infrastructure. Perform Network troubleshooting to isolate and diagnose common Network problems. Upgrade Network hardware and software components as required...,https://www.emploi.cm/offre-emploi-cameroun/network-architect-mf-933514,2026-04-13,emploi_cm,2026-05-22T10:50:20.044266
133,8c6e60e29b5946d5,Consultant SAP EHS (H/F),Africashore,Bafoussam - Bamenda - Bertoua - Buéa - Douala - Ebolowa - Garoua,Bac+3,REACH - SAP,"Nous recherchons un Consultant SAP EHS (H/F) pour notre client, une société multinationale dans le domaine des services informatiques. Mission : Définir le champ d'application et les priorités opérationnelles pour les changements à petite échelle et peut participer à des exercices de définition du champ d'application à plus grande échelle. Spécifier et documenter les exigences opérationnelles selon les instructions, en assurant la traçabilité jusqu'à la source. Les analysées pour s'assurer qu'elles correspondent aux objectifs de l'entreprise et qu'elles sont cohérentes...",https://www.emploi.cm/offre-emploi-cameroun/consultant-sap-ehs-hf-949423,2026-04-13,emploi_cm,2026-05-22T10:50:20.044266
134,04c0266d5436aed5,Consultant SAP MM/SD/EWM/PP/QM/CAR (H/F),Africashore,Bafoussam - Bamenda - Bertoua - Buéa - Douala - Ebolowa - Garoua,Bac+3,SAP,"Nous recherchons un Consultant SAP MM/SD/EWM/PP/QM/CAR (H/F) pour notre client, une société multinationale dans le domaine des services informatiques. Mission : Accompagner et soutenir nos utilisateurs sur leurs activités et problématiques quotidiennes en étant force de proposition pour l’amélioration continue de la solution. Mener de bout en bout les enrichissements/projets validés au carnet de travail Logistique SAP Achats, Stocks voire Production Planning (conception, paramétrage, réalisation, tests, conduite du changement, formation, support post go-live…) avec un fort engagement de résultat et une forte...",https://www.emploi.cm/offre-emploi-cameroun/consultant-sap-mmsdewmppqmcar-hf-949425,2026-04-13,emploi_cm,2026-05-22T10:50:20.044266
135,2c4a91d0ccfd6ae1,DevOps Engineer (M/F),Africashore,Bafoussam - Bamenda - Bertoua - Buéa - Douala - Ebolowa - Garoua,Bac+3,AGILE - APACHE - ARTIFACTORY - AZURE - CVS - DOCKER - DYNATRACE - ECLIPSE - GIT - GITLAB - GROOVY - JAVA - JAVASCRIPT - JBOSS - JENKINS - JIRA - LESS - LINUX - ORACLE - POSTGIS - POSTGRESQL - PYTHON - SCRUM - SHELL - SONARQUBE - WEBLOGIC,"We are looking for DevOps Engineer profiles / CVs to pass on to our clients for their future recruitment campaigns. Mission: Ensure effective Design, Development, Validation and Support activities. Defining and setting development, test, release, deploy/implementation for DevOps operation. To play a key role in the overall estimation of work requirements. Be a key contributor to building efficient programs/ systems. Application Development and Maintenance. Knowledge of design principles and fundamentals of architecture. Knowledge of quality processes and estimation techniques. Basic understanding of project domain. Ability to translate functional / nonfunctional requirements...",https://www.emploi.cm/offre-emploi-cameroun/devops-engineer-mf-933483,2026-04-13,emploi_cm,2026-05-22T10:50:20.044266
136,5dff8c760ffa6fb9,JAVA Developer (M/F),Africashore,Bafoussam - Bamenda - Bertoua - Buéa - Douala - Ebolowa - Garoua,Bac+3,AGILE - API - BOOTSTRAP - CONFLUENCE - CVS - GIT - GRAILS - GROOVY - GWT - HIBERNATE - HTML - JAVA - JAVASCRIPT - JENKINS - JIRA - JQUERY - JSF - MYSQL - ORACLE - REDIS - SPRING - STRUTS,"We are looking for JAVA Developer profiles / CVs to pass on to our clients for their future recruitment campaigns. Mission: Working within a Team to determine needs and applying / customizing existing technology to meet those needs. Producing detailed specifications and writing the program codes that perform efficiently. Write clean, scalable, reusable code using JAVA Framework sach as Spring, Struts, JSF, GWT etc. Lead a team closely with complete authority and accountability to deliver high quality software products in a fast-paced environment. Guide your team members on latest technologies including Java, Spring, Spring-Boot, Angular, Hibernate, Grails, Groovy, Kafka, Redis, Hazelcast...",https://www.emploi.cm/offre-emploi-cameroun/java-developer-mf-933486,2026-04-13,emploi_cm,2026-05-22T10:50:20.044266
137,97a734c494714e3b,JAVA JEE Developer (M/F),Africashore,Bafoussam - Bamenda - Bertoua - Buéa - Douala - Ebolowa - Garoua,Bac+3,AGILE - ANGULAR JS - AZURE - BIG DATA - CASSANDRA - COUCHBASE - CSS - CVS - DOCKER - GIT - HADOOP - HIBERNATE - HTML - J2EE - JAVA - JAVA JEE - JAVASCRIPT - JBOSS - JENKINS - MAVEN - MVC - MYSQL - NOSQL - ORACLE - REDIS - REST - SOAP - SPARK - SPRING - SQL - STRUTS - WEBLOGIC,"We are looking for JAVA JEE Developer profiles / CVs to pass on to our clients for their future recruitment campaigns. Mission: Good exposure to Core Java, MySQL server as DB. Maintain source code control of all application code, scripts, and database definition language. Design, Develop, Implement and/or Manage project. Responsible for development, focusing on designs, coding, testing, quality assurance of complex product features in a development team. Show initiative and drive topics to resolution in a high level of quality, speed, reliability and efficiency considering the essential non-functional requirements. Analyzing clients' requirements and produce technical proposals,...",https://www.emploi.cm/offre-emploi-cameroun/java-jee-developer-mf-933487,2026-04-13,emploi_cm,2026-05-22T10:50:20.044266
138,b040fcb429e85b2a,KOTLIN Developer (M/F),Africashore,Bafoussam - Bamenda - Bertoua - Buéa - Douala - Ebolowa - Garoua,Bac+3,AGILE - ANDROID - API - APP - AZURE - CVS - DNS - DOCKER - GIT - JAVA - JENKINS - LOAD BALANCING - MAC - MAVEN - MVVM - OPENSTACK - PAAS - SDK - TCP IP - TDD - UDP - XML,"We are looking for KOTLIN Developer profiles / CVs to pass on to our clients for their future recruitment campaigns. Mission: Working directly with developers and product managers to conceptualize, build, test and release products. Carefully evaluate the technical trade-offs of every decision. Work on bug fixing and improving application performance. Deliver quality code in an efficient manner. Continuously discover, evaluate, and implement new technologies to maximize development efficiency. Optimizing performance for the apps and keep up to date on the latest industry trends in the mobile technologies. Collaborating with UI and UX Designers, as well as Software Testers, to...",https://www.emploi.cm/offre-emploi-cameroun/kotlin-developer-mf-933489,2026-04-13,emploi_cm,2026-05-22T10:50:20.044266
139,8aa202436914a6b3,Cloud System Administrator (M/F),Africashore,Bafoussam - Bamenda - Bertoua - Buéa - Douala - Ebolowa - Garoua,Bac+3,AZURE - CENTOS - CVS - DOCKER - LINUX - PERL - PREMISE - PYTHON - REDHAT - VPN - WAN,"We are looking for Cloud System Administrator profiles / CVs to share with our clients for their future recruitment campaigns. Mission: Installing, configuring and maintain softwares, servers (on premise / Cloud), Networks and firewalls . Overseeing/troubleshoot system performance, troubleshooting issues and outages Creating a backup and safeguarding the data(on premise / Cloud) if there are any hindrances Performing system upgrades following new releases. Ensuring/Sustaining Network integrity, server deployment, security and efficiency of IT infrastructure . Monitoring and maintaining Network servers such as file servers, VPN gateways and intrusion detection systems...",https://www.emploi.cm/offre-emploi-cameroun/cloud-system-administrator-mf-933509,2026-04-13,emploi_cm,2026-05-22T10:50:20.044266
140,fa160972db26d3d3,Cyber Security Engineer (M/F),Africashore,Bafoussam - Bamenda - Bertoua - Buéa - Douala - Ebolowa - Garoua,Bac+3,CVS - ENDPOINT - IDEAL - JAVASCRIPT - PYTHON - VM,We are looking for Cyber Security Engineer profiles / CVs to share with our clients for their future recruitment campaigns. Mission: Act as an internal subject matter expert with respect to CVA scanning and reporting. Assist in maintenance of the enterprise to VMLC (Vulnerability Management Life Cycle) policy and associated VM standard. Conduct required tasks for the vulnerability scanning program and publish reported vulnerabilities to impacted teams for remediation. Triage and risk rank vulnerabilities according to severity and exposure. Work with Product and IT teams to risk rank and patch vulnerabilities related to the technology stack. Develop remediation plans for vulnerabilities....,https://www.emploi.cm/offre-emploi-cameroun/cyber-security-engineer-mf-933511,2026-04-13,emploi_cm,2026-05-22T10:50:20.044266
141,113e1b68e23434b8,DATASTAGE Architect (M/F),Africashore,Bafoussam - Bamenda - Bertoua - Buéa - Douala - Ebolowa - Garoua,Bac+3,AZURE - CVS - DATASTAGE - INFORMATICA - J2EE - JAVA - MONGODB - ORACLE - SQL - TALEND,"We are looking for DATASTAGE Architect profiles / CVs to share with our clients for their future recruitment campaigns. Mission: Define and supervise all activities within your scope by using and optimising the resources allocated. Control the implementation of the activities under your responsibility and report on the results. Responsible for the level of service quality, compliance with standards and the level of safety within the assigned perimeter. Supervise and monitor of assigned projects (monitoring of workloads, definition of deadlines and delivery milestones, identification of deliverables and work to be carried out, task planning, monitoring of work, management of corrective measures,...",https://www.emploi.cm/offre-emploi-cameroun/datastage-architect-mf-933512,2026-04-13,emploi_cm,2026-05-22T10:50:20.044266
142,03c16e6854d6c3ef,Infographe Junior et Stagiaire Infographiste - Yaoundé,Seletoo,Yaoundé,"Qualification avant bac, Bac, Bac+1, Bac+2, Bac+3, Bac+4 & Bac+5 et plus",Branding - Brochures - Communication - Communication Digitale - Community Management - Conception Publicitaire - Création Graphique - Design - Digital Marketing - ILLUSTRATOR - INDESIGN - Infographie - Marketing - Marketing Digital - PHOTOSHOP - Vente,"Vous êtes passionné(e) par le design graphique, la communication visuelle et le digital marketing ? Vous souhaitez évoluer dans un environnement créatif où vos idées prennent vie ? Nous recrutons un(e) Infographe Junior ainsi que deux (02) Stagiaires Infographistes basés à Yaoundé, Cameroun , pour rejoindre une équipe dynamique spécialisée dans le marketing digital, la communication visuelle, le web et les médias . Cette opportunité est idéale pour les jeunes talents souhaitant développer leurs compétences en création graphique, branding, community management visuel, conception publicitaire et communication digitale . Au sein de notre équipe, vous participerez à la création de supports visuels impactants pour le web...",https://www.emploi.cm/offre-emploi-cameroun/infographe-junior-stagiaire-infographiste-yaounde-1165475,2026-04-13,emploi_cm,2026-05-22T10:50:20.044266
143,84acd1f81b3045b3,"Chargé(e) de Marketing Digital - Yaoundé, Tradex éléveur",Ada|Corp,Yaoundé,"Bac+3, Bac+4 & Bac+5 et plus",Actions Marketing - Communication - Emailing - Marketing - Marketing Digital - SEO,"ADA|Corp est une entreprise informatique spécialisée dans la formation en ligne, nous accompagnons nos clients dans le développement de leurs compétences numériques. En pleine croissance, nous recherchons un(e) Marketeur(euse) Digital(e) pour renforcer notre équipe . Vos missions Contribuer à la mise en œuvre de campagnes ciblées pour capter et fidéliser les prospects. Qualifier les demandes entrantes et soutenir l'équipe commerciale dans la recherche de prospects et la préparation des prises de contact. Développer la notoriété de la marque et renforcer notre présence en ligne (réseaux sociaux, SEO, contenus). Analyser les performances des actions marketing et proposer des optimisations. Suivre les...",https://www.emploi.cm/offre-emploi-cameroun/chargee-marketing-digital-yaounde-tradex-eleveur-1169823,2026-04-21,emploi_cm,2026-05-22T10:50:20.044266
144,5dd0565795fdca00,Caissier Pharmacie - Yaoundé,Well,Yaoundé,"Bac, Bac+1, Bac+2 & Bac+3",Comptabilité - Finance - Gestion,"Nous sommes à la recherche d'un Caissier Pharmacie. Missions : Vous occupez la caisse, recevez les patients, encaissez le paiement, rendez la monnaie, et le tout avec le sourire Vous tenez un journal de caisse et rendez compte du montant de la recette journalière Vous participez à la réalisation d’inventaires et au rangement des produits en rayon Vous gérez le paiement de commandes à distance Vous effectuez le suivi des patients et vous assurez de leur satisfaction Vous accueillez le patient avec le sourire aux lèvres et vous vous assurez d’une expérience optimale",https://www.emploi.cm/offre-emploi-cameroun/caissier-pharmacie-yaounde-1100826,2026-04-27,emploi_cm,2026-05-22T10:50:20.044266
145,3d9270152a92eab0,Consultant(e) Achat Junior - Yaoundé,Elo Group Sas,Yaoundé,"Bac+3, Bac+4 & Bac+5 et plus",Achats - Approvisionnements - Chaîne Logistique - Distribution - Entrepôt - Livraison - Négociation - Prestation Logistique - Sourcing - Supply - Supply Chain - Transport,"ELO GROUP, cabinet de conseil spécialisé en Logistique, Achats et Supply Chain, accompagne les entreprises dans la transformation radicale de leur chaîne de valeur. Convaincu qu’une supply chain optimisée est le moteur principal de la rentabilité globale, nous mettons notre expertise au service de nos clients pour renforcer leur performance et leur compétitivité. Dans le cadre de notre développement, nous recrutons un(e) : Consultant(e) Achat Junior. Résumé du poste Sous la supervision du Responsable Achat, le/la Consultant(e) Achat Junior a pour mission d'optimiser les coûts d'acquisition de l'entreprise ou de ses clients (modèle 4PL), de sécuriser les approvisionnements et de...",https://www.emploi.cm/offre-emploi-cameroun/consultante-achat-junior-yaounde-1172512,2026-04-28,emploi_cm,2026-05-22T10:50:20.044266
146,2cf51a5a78c89d6d,Responsable Commercial Vente Pneu (H/F) - Yaoundé,Areko Group,Yaoundé,"Bac+3, Bac+4 & Bac+5 et plus",Actions Commerciales - CRM - Développement Commercial - Gestion des Ventes - Négociation - Stratégie Commerciale - Techniques de Vente - Vente,"Nous sommes à la recherche d'un Responsable Commercial Vente Pneu (H/F). Mission principale : Le Responsable Commercial est chargé de développer les ventes de pneus (véhicules légers, poids lourds, engins industriels) en définissant et mettant en œuvre une stratégie commerciale efficace, tout en assurant la gestion et l’animation de l’équipe commerciale. Activités principales : 1.Développement commercial Définir et piloter la stratégie commerciale des ventes de pneus ; Identifier de nouveaux marchés et opportunités (BTP, transporteurs, flottes, particuliers) ; Prospecter et fidéliser une clientèle variée ; Négocier les contrats et partenariats commerciaux. 2....",https://www.emploi.cm/offre-emploi-cameroun/responsable-commercial-vente-pneu-hf-yaounde-1172621,2026-04-28,emploi_cm,2026-05-22T10:50:20.044266
147,612ab20ff06c652a,Commercial H/F - Douala,Afrimondis,Douala,"Bac+2, Bac+3, Bac+4 & Bac+5 et plus",Gestion Commerciale - Négociation - Techniques de Vente - Vente,"Nous recherchons un Commercial H/F / Commercial pour rejoindre notre équipe. Ce poste implique la gestion et le développement de relations commerciales dans le secteur de l'import-export, en assurant la croissance des ventes et la satisfaction client. Le candidat doit être capable de travailler dans un environnement dynamique et exigeant. Missions : Prospecter de nouveaux clients et développer le portefeuille existant dans la région de Douala. Négocier et conclure des contrats commerciaux en conformité avec la stratégie de l'entreprise. Assurer le suivi administratif et commercial des dossiers clients. Participer à la mise en place de stratégies de vente adaptées au marché local. Collaborer avec les équipes...",https://www.emploi.cm/offre-emploi-cameroun/commercial-hf-douala-1171053,2026-04-24,emploi_cm,2026-05-22T10:50:20.044266
148,756238732cd4f0a9,"Expert Infrastructure, Déploiement et Sécurité - Yaoundé",Chambiss,Yaoundé,Bac+4 & Bac+5 et plus,AZURE - LINUX,"Nous recherchons un Expert infrastructure, déploiement et sécurité pour gérer la mise en place, la sécurisation et le suivi des plateformes numériques. Ce poste requiert un expert en infrastructure IT et cybersécurité, capable de superviser les missions de déploiement, d’hébergement, ainsi que de gestion des risques et de la sécurité sur les environnements de production. Qualifications minimales : Être titulaire d’un diplôme Bac+4 ou Bac+5 en informatique, systèmes, réseaux, cybersécurité ou discipline connexe. Expérience générale : Justifier d’au moins cinq (05) ans d’expérience professionnelle en administration systèmes, déploiement, hébergement ou sécurité des plateformes numériques...",https://www.emploi.cm/offre-emploi-cameroun/expert-infrastructure-deploiement-securite-yaounde-1168321,2026-04-17,emploi_cm,2026-05-22T10:50:20.044266
149,0e3ba6f6a31ff17d,Gestionnaire Polyvalent Logistique,Multi Canal Services,Douala & Yaoundé,Bac+3,Expédition - Gestion des Stocks - Magasinage - Stocks - Transportation,"Nous sommes à la recherche des Gestionnaires Polyvalents Logistique. Missions : Assurer les activités liées à la réception, la récupération et l’expédition des marchandises : compter, contrôler les quantités, les prix, les fournisseurs Réceptionner les marchandises entrantes, et vérifier la conformité des colis Alerter sa hiérarchie en cas d’anomalie Saisir, traiter et suivre les commandes des partenaires dans l'outil informatique Générer et envoyer le reporting de l'activité journalière aux partenaires Effectuer informatiquement les mouvements de stock des marchandises (Entrée, Sortie, Retour) Réaliser les inventaires composants du stock interne (inventaires tournants,...",https://www.emploi.cm/offre-emploi-cameroun/gestionnaire-polyvalent-logistique-808340,2026-04-06,emploi_cm,2026-05-22T10:50:20.044266
150,ef41b758258bbd7a,Spécialiste en Économie de l’Éducation - Yaoundé,Naumur At,Yaoundé,Bac+5 et plus,Comptabilité - Finance - Financement - Gestion - STATA,"Dans le cadre de ses activités, Le Cabinet NAUMUR recrute un(e) Spécialiste en Économie de l’Éducation chargé(e) d’apporter une expertise analytique et stratégique dans la conception, la mise en œuvre et l’évaluation des politiques et projets éducatifs. Le/La titulaire du poste aura pour principales missions de : Réaliser des analyses économiques du secteur de l’éducation (coûts, efficacité, financement, rentabilité des investissements éducatifs) ; Concevoir et conduire des études et recherches appliquées dans le domaine de l’éducation ; Contribuer à l’élaboration, au suivi et à l’évaluation de programmes et projets éducatifs ; Produire des rapports techniques, notes d...",https://www.emploi.cm/offre-emploi-cameroun/specialiste-economie-education-yaounde-1172559,2026-04-28,emploi_cm,2026-05-22T10:50:20.044266
151,c057b1c97224917d,Expert Technique LMS / Développeur Full stack - Yaoundé,Chambiss,Yaoundé,Bac+3,AGILE - APACHE - API - CSS3 - FULL STACK - GIT - GITLAB - JAVASCRIPT - MONGODB - MOODLE - MYSQL - NODE JS - POSTGRESQL - PYTHON - REACT - SCRUM,"Dans le cadre du développement et de l'optimisation de notre plateforme de gestion de l'apprentissage (LMS), nous recherchons un Expert technique LMS / Développeur full stack . Ce poste est destiné à un expert technique capable de contribuer au développement, à l'intégration, et à la personnalisation de la plateforme LMS, tout en garantissant une solution performante, évolutive, et sécurisée. Qualifications minimales : Être titulaire d’un diplôme de niveau Bac+3 minimum en informatique, développement logiciel ou discipline connexe. Expérience générale : Cinq (05) ans d’expérience professionnelle dans le développement ou l’intégration d’applications web. Expérience spécifique...",https://www.emploi.cm/offre-emploi-cameroun/expert-technique-lms-developpeur-full-stack-yaounde-1168301,2026-04-17,emploi_cm,2026-05-22T10:50:20.044266
152,cea51b4fba5e8a05,Assistant(e) Exécutif(ve) - Douala,Morel Kenne Consulting,Douala,"Bac, Bac+1, Bac+2 & Bac+3",Assistanat - WORD,"Nous sommes à la recherche d'un(e) Assistant(e) Exécutif(ve). Missions : Sous la supervision d'un chef exécutif, vous serez en charge des missions suivantes : Répondre efficacement aux demandes réceptionnées sur WhatsApp et par email Traiter les demandes des clients Assurer le suivis et les relances Établir des rapports journaliers",https://www.emploi.cm/offre-emploi-cameroun/assistante-executifve-douala-1162808,2026-04-06,emploi_cm,2026-05-22T10:50:20.044266
153,ccc1cea1d07500d1,Senior IT Manager - Yaoundé,Unp International,Yaoundé & International,"Bac+3, Bac+4 & Bac+5 et plus",Audit - Comptabilité - Finance - Gestion - IDEAL - ITIL - MICROSOFT,"We are looking for a Senior IT Manager. The Senior IT Manager will be responsible for leading the organization’s IT strategy, infrastructure, and digital transformation initiatives. This role ensures the stability, security, and scalability of all IT systems while aligning technology solutions with business objectives. The ideal candidate brings strong leadership, strategic thinking, and hands-on expertise across enterprise IT environments. Key Responsibilities: Develop and execute the organization’s IT strategy in alignment with business goals Lead, mentor, and manage IT teams, including infrastructure, applications, and support functions Oversee IT operations, systems availability, network...",https://www.emploi.cm/offre-emploi-cameroun/senior-it-manager-yaounde-1124590,2026-04-06,emploi_cm,2026-05-22T10:50:20.044266
154,27e2f456ed082580,Commercial (H/F) - Douala,Areko Group,Douala,"Bac+3, Bac+4 & Bac+5 et plus",CRM - Développement Commercial - Devis - Négociation - Techniques de Vente - Vente,"Nous sommes à la recherche d'un Commercial (H/F). Mission principale : Développer et gérer un portefeuille clients dans le domaine des engins lourds (vente, location ou services associés), tout en assurant l’atteinte des objectifs commerciaux et la satisfaction client. Activités : 1. Développement commercial Prospecter de nouveaux clients (entreprises BTP, industries, mines, logistique) ; Identifier les opportunités de vente d’engins lourds (grues, pelles, bulldozers, camions etc.) ; Développer et fidéliser un portefeuille clients ; Participer aux appels d’offres et négociations commerciales. 2. Conseil et vente Analyser les besoins des clients et...",https://www.emploi.cm/offre-emploi-cameroun/commercial-hf-douala-1170883,2026-04-23,emploi_cm,2026-05-22T10:50:20.044266
155,039667bdb6bfeb52,Gestionnaire Opérationnel Livraison,Multi Canal Services,Douala & Yaoundé,Bac+2,Colisage - Contrôle Commande - Contrôle de Qualité - Expédition - Gestion d'Équipe - Gestion des Colis - Gestion des Commandes - Gestion des Stocks - Gestion du Parc Automobile - Livraison - Livraison Logistique - Préparation des Commandes - Saisie Informatique - Stocks,"Nous sommes à la recherche d'un Gestionnaire Opérationnel Livraison. Missions : Notre structure est spécialisée dans la récupération, la distribution et l'expédition de colis Vous mettez en place et ajustez l'organisation nécessaire au bon déroulement de l'activité Assurer les activités liées à la réception, la récupération et l’expédition des marchandises : compter, contrôler les quantités, les prix, les fournisseurs Saisir, traiter et suivre les commandes des partenaires dans l'outil informatique Vous supervisez la prise en charge des colis en livraison et vous contrôlez les livraisons effectuées, les émargements et le traitement des colis non livrés Vous vous assurez de...",https://www.emploi.cm/offre-emploi-cameroun/gestionnaire-operationnel-livraison-931874,2026-04-06,emploi_cm,2026-05-22T10:50:20.044266
156,fbf1868891cda633,Opératrice de Caisse - Douala I,Sesame Sarl,Douala,"Bac+2, Bac+3, Bac+4 & Bac+5 et plus",Comptabilité - Finance - Gestion,"Nous recherchons une Opératrice de Caisse dynamique et rigoureuse pour rejoindre notre équipe. Vous serez responsable du traitement des transactions financière (Ria, money gramme, Western union, etc ), de l'accueil des clients et du bon fonctionnement du poste de caisse. Missions : Accueillir et conseiller les clients avec courtoisie, Traiter les opérations de transactions financières et développer le portefeuille client, Assurer la gestion et la comptabilité de la caisse, Vérifier et enregistrer les Opérations dans le système informatique, Veiller à l’application des procédures de caisse et aux standards de sécurité, Prospecter et vendre les produits de l’entreprise",https://www.emploi.cm/offre-emploi-cameroun/operatrice-caisse-douala-i-1169241,2026-04-20,emploi_cm,2026-05-22T10:50:20.044266
157,0b9185b9452676ec,Senior Electronic Design Engineer / PCB Design Tutor / Mentor - Remote,Amazing Properties,International,"Bac+3, Bac+4 & Bac+5 et plus",EMC - FPGA - PCB - PSPICE - SPECTRUM,"We are seeking an Electronic Design Tutor/Mentor with strong PCB design and power-electronics experience to lead schematic and board design, run simulations, and mentor junior engineers. The role combines hands‑on design (analogue and digital) with tutoring responsibilities: teaching schematic practices, troubleshooting design issues, and guiding EE solutions from concept to production. Key responsibilities Lead schematic capture and PCB design for mixed‑signal systems (analogue, digital, and power). Design and validate power systems: switching regulators, buck converters, DC‑DC converters, power sequencing and thermal design. Perform circuit simulation and analysis using PSpice, LTspice (and similar tools); validate...",https://www.emploi.cm/offre-emploi-cameroun/senior-electronic-design-engineer-pcb-design-tutor-mentor-remote-1166161,2026-04-13,emploi_cm,2026-05-22T10:50:20.044266
158,790362e16024994d,Assistant Directeur Financier - Douala,Mnt Consulting,Douala,Bac+5 et plus,Analyse Juridique - Audit - Comptabilité - Droit - États Financiers - Finance - Financement - Fiscalité - Gestion - Leadership - Management - Suivi Budgétaire - Trésorerie,"Nous sommes à la recherche d'un Assistant Directeur Financier. Résumé des Fonctions Essentielles Ses fonctions essentielles peuvent être résumées comme suit : Responsable de la production et de la diffusion de l’information financière comprenant les déclarations fiscales, sociales, les états financiers, les états CIMA, les rapports à l’intention des actionnaires, des banques, du réseau des intermédiaires ; Responsable de la fonction financière, il prépare les budgets et assure leur suivi. Analyse l’activité de l’entreprise à travers les statistiques, les dépenses, procède au suivi budgétaire et propose des mesures correctives ; Assiste l’Administrateur-Directeur Général...",https://www.emploi.cm/offre-emploi-cameroun/assistant-directeur-financier-douala-1169922,2026-04-21,emploi_cm,2026-05-22T10:50:20.044266
159,7632ae8ec6d59445,"Stagiaire en Vidéosurveillance, Contrôle D´Accès, Intrusion, Incendie - Yaoundé",Axxentis,Yaoundé,"Bac+3, Bac+4 & Bac+5 et plus",,"Nous sommes à la recherche d'un Stagiaire en Vidéosurveillance, Contrôle d'Accès, Détection d'intrusion et sécurité incendie. Missions : Installation et configuration: Installation des caméras de surveillance, des lecteurs biométriques, et des équipements de contrôle d'accès. Installation des centrales incendie et intrusion et pédales d'alarme Connaissance du protocole KNX Configuration des logiciels de gestion de vidéosurveillance et de contrôle d'accès, incendie et intrusion Maintenance: Effectuer des tests réguliers pour s'assurer du bon fonctionnement des systèmes. Diagnostiquer et résoudre les problèmes techniques. Mettre à jour les logiciels et les matériels...",https://www.emploi.cm/offre-emploi-cameroun/stagiaire-videosurveillance-controle-acces-intrusion-incendie-yaounde-1001167,2026-04-03,emploi_cm,2026-05-22T10:50:20.044266
160,6c424b01b5e8e499,Magasinier - Douala,2A Promo Sarl,Douala,"Bac+2, Bac+3, Bac+4 & Bac+5 et plus",Transport,"2A PROMO est une entreprise de droit camerounais ayant pour activité la Promotion de produits pharmaceutique agrée par le ministère de santé. Conformément à notre stratégie de détection et de recrutement de jeunes talents , 2A PROMO est à la recherche d'un Magasinier expérimenté , assidu ayant une forte aptitude en informatique et en manipulation de Logiciels. Missions Le respect des délais de traitement des commandes; Résoudre et signaler à sa hiérarchie tous les problèmes qui surviendront dans le Magasin; Exécuter les inventaires hebdomadaires et mensuels ; Transmettre les rapports d’inventaires hebdomadaires ; La bonne tenue des fiches de stock et des locaux...",https://www.emploi.cm/offre-emploi-cameroun/magasinier-douala-1162142,2026-04-03,emploi_cm,2026-05-22T10:50:20.044266
161,022e94ab410eb0bb,Informaticien Développeur Application - Yaoundé,Mbs,Yaoundé,"Bac+3, Bac+4 & Bac+5 et plus",ASPNET - CSS - HTML - JAVA - JAVASCRIPT - JQUERY - MYSQL - NODE JS - ORACLE - SQL,"Nous sommes à la recherche d'un Informaticien Développeur Application. Missions : Développer des applications Concevoir, réaliser l'analyse technique et assurer le développement de nouvelles fonctionnalités Réaliser des programmes et la documentation conformes aux spécifications fonctionnelles Garantir la qualité de nos logiciels en assurant les tests de validation et d'intégration dans les différents environnements d'exploitation Correction des bugs et évolutivité des applications actuelles de la boite Assistance et support technique Apporter les corrections nécessaires.",https://www.emploi.cm/offre-emploi-cameroun/informaticien-developpeur-application-yaounde-859475,2026-04-01,emploi_cm,2026-05-22T10:50:20.044266
162,68e5d18b7998c1e4,Agent du Liaison - Courier et Transmission - Douala,Finantel,Douala,"Qualification avant bac, Bac, Bac+1, Bac+2, Bac+3, Bac+4 & Bac+5 et plus",Archivage - Assistanat - Distribution - Documents Administratifs - Expédition - Gestion du Courrier - Transport - WORD,"Société nouvellement en phase de redémarrage, dynamique et en pleine croissance. Nous recherchons une personne organisée et fiable pour assurer la bonne circulation de l’information dès les premiers mois d’activité. Intitulé du poste Chargé(e) de la gestion du courrier, de l’enregistrement de la correspondance et du suivi Missions principales Réception, tri et distribution du courrier physique entrant (lettres, colis, factures, documents administratifs) et transmission rapide aux destinataires concernés ; Préparation et expédition du courrier sortant (mise sous pli, affranchissement, suivi des envois recommandés ou avec accusé de réception) ; Enregistrement systématique de toute la correspondance (...",https://www.emploi.cm/offre-emploi-cameroun/agent-liaison-courier-transmission-douala-1164460,2026-04-10,emploi_cm,2026-05-22T10:50:20.044266
163,0670cddfd683a122,Expert TIC - Yaoundé,Madia,Yaoundé & International,Bac+5 et plus,API - BI - BIG DATA - PYTHON - REST - SOA - SQL,"Nous sommes à la recherche d'un Expert TIC. Missions : État des lieux technique des solutions existantes et définition roadmap technique. Rédaction des spécifications techniques complètes (CRM, assistant virtuel, intégrations). Supervision des tests d’intégration et non-régression. Garantie de la scalabilité et de la sécurisation des solutions déployées. Conduire des consultations techniques avec les parties prenantes (administrations, PME, syndicats professionnels) afin d’identifier les besoins fonctionnels et les contraintes d’intégration des nouvelles solutions avec les systèmes existants. Superviser la conception et le développement des modules CRM — segmentation des utilisateurs...",https://www.emploi.cm/offre-emploi-cameroun/expert-tic-yaounde-1149469,2026-04-01,emploi_cm,2026-05-22T10:50:20.044266
164,5a4c44781901c16f,Affréteur Junior - Yaoundé,2Fyd Logistics Cameroun Sarl,Yaoundé,Bac+2 & Bac+3,Négociation - Transport - Vente,"Dans le cadre de notre croissance, nous recherchons des Affréteurs Juniors motivés et prês à grandir avec nous. Missions : Rechercher et négocier avec les transporteurs partenaires. Organiser et optimiser les flux de transport en respectant les délais et la rentabilité. Assurer le suivi opérationnel des livraisons et résoudre les imprévus. Maintenir une communication fluide avec les clients et transporteurs. Contribuer à la performance et à l’image dynamique de 2Fyd Logistics.",https://www.emploi.cm/offre-emploi-cameroun/affreteur-junior-yaounde-1164131,2026-04-08,emploi_cm,2026-05-22T10:50:20.044266
165,60948a3ed1ab6d06,Secrétaire Assistante de Direction - Bafoussam,Archivox Sarl,Bafoussam,Bac,Assistanat - Assistance - Communication Écrite - Comptabilité - Finance - Gestion - Gestion Administrative - Secrétariat - WORD,"ARCHIVOX SARL recrute une Secrétaire Assistante de Direction chargée d’assurer la gestion administrative, l’organisation interne et l’assistance directe à la direction.",https://www.emploi.cm/offre-emploi-cameroun/secretaire-assistante-direction-bafoussam-1163741,2026-04-08,emploi_cm,2026-05-22T10:50:20.044266
166,d3f14762036ad05a,Directeur Trésorerie et DAF (Directeur Administratif et Financier) - Douala et Yaoundé,Finantel,Douala & Yaoundé,Bac+5 et plus,Audit - Comptabilité - Finance - Financement - Fiscalité - Gestion - Gestion de la Trésorerie - Gestion Financière - Planification Financière - Stratégie Financière - Techniques de Gestion - Trésorerie,"Nous recherchons un Directeur Trésorerie et Directeur Administratif et Financier (DAF) pour rejoindre notre équipe. Ce poste combine deux fonctions car l'entreprise est encore en restructuration, nous avons donc besoin d'un candidat dynamique. Ce poste implique la gestion stratégique et opérationnelle des finances de l'entreprise, la supervision de la trésorerie, la structuration des processus financiers, ainsi que l'accompagnement de la direction dans la prise de décisions clés dès les premiers mois d'activité. Le candidat idéal doit faire preuve de rigueur, d'expérience et de leadership dans un environnement en croissance dynamique. Missions : Définir et mettre en œuvre la stratégie financière...",https://www.emploi.cm/offre-emploi-cameroun/directeur-tresorerie-daf-directeur-administratif-financier-douala-yaounde,2026-04-15,emploi_cm,2026-05-22T10:50:20.044266
167,527c6005ce118553,Développeur Sénior - Chantilly,Ecima Consulting,International,"Bac+3, Bac+4 & Bac+5 et plus",CONFLUENCE - DOCKER - JAVA - JIRA - REDIS - REST - SPRING - SQL,"Nous recherchons un profil pour travailler sur un projet chez un client dans le secteur RH. Il s'agit d'une plateforme assurant la mise en relation via le transfert de messages entre diverses applications (mobiles, portails, ERP).Le projet est actuellement en phase de ""run"" (maintenance et exploitation) avec des demandes régulières d'ajouts de fonctionnalités.",https://www.emploi.cm/offre-emploi-cameroun/developpeur-senior-chantilly-1159491,2026-03-27,emploi_cm,2026-05-22T10:50:20.044266
168,f1d6929417ab43f1,Agent de Prospection de la Solution Wenagoo - Yaoundé,Wenagoo,Bafoussam - Bamenda - Bertoua - Buéa - Douala - Garoua - Maroua,"Bac+1, Bac+2, Bac+3 - Bac+4",Actions Marketing - Approche Directe - Business Communication - Communication - Communication de Marque - Communication de Produit - Marketing - Négociation - Prospection - Prospection Commerciale - Techniques de Vente - Vente,"Nous sommes à la recherche d'un Agent de Prospection de la Solution Wenagoo. Objectif : Identifier les agences à fort potentiel et obtenir un rendez-vous de démonstration vidéo avec le décideur. Missions : Votre mission consiste à identifier les agences de transport, auditer leurs besoins et fixer un rendez-vous pour une démonstration avec le Responsable Produit. Tarif : 5000 FCFA par rendez-vous et par agence cible de démonstration vidéo confirmé et débuté. Mode de paiement : Mobile Money (Orange/MTN) immédiat après la démo. Bonus de succès : 10 000 FCFA par contrat signé à la suite de votre prospection. Nombre maximal de rendez-vous acquis 15 rendez-vous (soit 15 agences). Si vous...",https://www.emploi.cm/offre-emploi-cameroun/agent-prospection-solution-wenagoo-yaounde-1156338,2026-03-26,emploi_cm,2026-05-22T10:50:20.044266
169,885a488de5eec892,Administrateur LMS / Intégrateur Moodle - Yaoundé,Sae Consulting Sarl,Yaoundé & International,"Qualification avant bac, Bac, Bac+1, Bac+2, Bac+3, Bac+4 & Bac+5 et plus",CSS - HTML - MOODLE,"Nous sommes à la recherche d'un Administrateur LMS / Intégrateur Moodle. Mission principale : Assurer le paramétrage technique, la personnalisation graphique et l'intégration des contenus d'une Académie Digitale sur une solution MoodleCloud. Responsabilités techniques Configuration de la plateforme Gestion des accès : Création des cohortes d'utilisateurs et des rôles (Admin, Formateur, Apprenant). Ingénierie de restriction Intégration de contenus : Upload des vidéos (via Vimeo/YouTube), création des banques de questions de quiz et paramétrage des activités H5P. Automatisation : Mise en place du plugin de certification automatique et des barres de...",https://www.emploi.cm/offre-emploi-cameroun/administrateur-lms-integrateur-moodle-yaounde-1156696,2026-03-24,emploi_cm,2026-05-22T10:50:20.044266
170,5317a52ea555251e,Stagiaire Ressources Humaines (H/F) - Yaoundé,Afreetech,Yaoundé,"Bac+2, Bac+3, Bac+4 & Bac+5 et plus",Comptabilité - Développement RH - Droit - Droit Social - Finance - Fonction RH - Formation - Gestion - Gestion Administrative - Gestion des Ressources Humaines - Processus de Recrutement - Projets RH - Recrutement,"AFREETECH CAMEROON SARL est une organisation dynamique évoluant dans le secteur des TIC, engagée dans l’excellence opérationnelle et le développement de son capital humain. Dans le cadre du renforcement de notre équipe RH, nous recrutons un (e) stagiaire motivé (e) et désireux (se) d’acquérir une expérience pratique enrichissante. Missions principales Sous la supervision du Responsable des Ressources Humaines, vous participerez à : La gestion administrative du personnel (classement, archivage, mise à jour des dossiers) ; Le suivi des absences, congés et présence du personnel ; L’appui au processus de recrutement (tri de CV, présélection, organisation des entretiens) ; La participation à l...",https://www.emploi.cm/offre-emploi-cameroun/stagiaire-ressources-humaines-hf-yaounde-1161208,2026-04-01,emploi_cm,2026-05-22T10:50:20.044266
171,f624af288c86a52e,Vendeur(se) en Boutique - Douala,Secodi Sarl,Douala & Yaoundé,"Bac, Bac+1, Bac+2, Bac+3, Bac+4 & Bac+5 et plus",Business Communication - Client Management - Communication - Communication de Marque - Communication de Produit - Fidélisation des Clients - Marketing - Vente,"Dans le cadre du développement de nos activités, nous recrutons des Vendeurs(ses) pour nos prestigieuses boutiques FASHION PLACE. As part of our business expansion, we are hiring sales associates for our prestigious FASHION PLACE stores. Missions principales Accueillir et conseiller la clientèle Greet and assist customers Assurer la vente et la fidélisation des clients Drive sales and build customer loyalty Participer à la mise en valeur des produits en boutique Help showcase products in the store Maintenir un espace de vente propre et attractif Keep the sales floor clean and inviting",https://www.emploi.cm/offre-emploi-cameroun/vendeurse-boutique-douala-1158849,2026-03-31,emploi_cm,2026-05-22T10:50:20.044266
172,a5b023e7a3e03ff5,Comptable Experimenté - Douala,Aquageniks,Douala & Yaoundé,"Bac, Bac+1, Bac+2, Bac+3, Bac+4 & Bac+5 et plus",Assistanat - Bilan Comptable - Comptabilité - Comptabilité Analytique - Comptabilité Budgétaire - Comptabilité d'Inventaire - Comptabilité de Trésorerie - Comptabilité Générale - États Financiers - Finance - Fiscalité - Gestion - Inventaire - Secrétariat - Trésorerie,"Aquageniks SARL, entreprise dynamique spécialisée dans la production et la distribution des intrants piscicoles (Aliments et alevins) pour poissons recherche un Comptable talentueux et motivé pour rejoindre son équipe à Yaoundé. Notre mission est de soutenir la croissance durable de la pisciculture au Cameroun et en Afrique centrale. Pour accompagner ce développement, nous avons besoin d’un professionnel capable de garantir la rigueur financière et la conformité fiscale de nos activités. Vos principales responsabilités : Missions principales Comptabilité & Finance : (journalier ou hebdomadaire) Tenue de la...",https://www.emploi.cm/offre-emploi-cameroun/comptable-experimente-douala-1165378,2026-04-13,emploi_cm,2026-05-22T10:50:20.044266
173,206beb91d46fdd11,Ingénieur Halieute ou Technicien Piscicole Experimenté - Douala,Aquageniks,Douala,"Bac, Bac+1, Bac+2, Bac+3, Bac+4 & Bac+5 et plus",Analyse Technique - Maintenance - Pêche - Production - Qualité,"La société Aquageniks - SARL recherche pour ses besoins de service d'un Ingénieur Halieute ou Technicien Piscicole L’agent piscicole met principalement en œuvre les différentes opérations liées au grossissement et le support technique de nos clients. Activités : Le technicien piscicole effectue les différents travaux d’élevage des poissons : Il prend en charge l’alimentation des alevins et poissons Il réalise le suivi de la croissance des alevins et poisson Il veille au bien-être des poissons (quantité et qualité de l’eau, niveau d’oxygénation, état sanitaire) et effectue au besoin les ajustements nécessaires. Il effectue les traitements du...",https://www.emploi.cm/offre-emploi-cameroun/ingenieur-halieute-technicien-piscicole-experimente-douala-1163159,2026-04-07,emploi_cm,2026-05-22T10:50:20.044266
174,e68748fa4125bdb3,Assistante Polyvalente - Douala,Naroqueen Sarl,Douala,"Bac, Bac+1, Bac+2, Bac+3, Bac+4 & Bac+5 et plus",Communication - Comptabilité - Finance - Gestion - Marketing - Vente,"Nous sommes à la recherche d'une Assistante Polyvalente dynamique et organisée pour accompagner la direction dans la gestion quotidienne de l’entreprise. Véritable bras droit de la gérante, elle interviendra sur plusieurs aspects : administratif, organisationnel, comptable et suivi des activités, afin d’assurer le bon fonctionnement global de la structure.",https://www.emploi.cm/offre-emploi-cameroun/assistante-polyvalente-douala-1156241,2026-03-26,emploi_cm,2026-05-22T10:50:20.044266
175,c4f08774cbc58ce3,Stagiaire en Économie Mathématique - Dschang,Azi Sarl,International,"Bac+3, Bac+4 & Bac+5 et plus",Comptabilité - Finance - Forecasting - Gestion,"Nous sommes à la recherche d'une Stagiaire en Économie Mathématique. En tant que Stagiaire en Économie Mathématique, vous accompagnez la Direction Générale dans la prise de décision et l’optimisation économique de l’entreprise en assurant les analyses & modélisation quantitative & qualitative et le développement d’outils d’aide à la décision. Ce stage requiert une forte capacité analytique, une bonne maîtrise des outils quantitatifs & qualitatifs, une connaissance de l’environnement économique & financier et un intérêt marqué pour l’exploitation des données dans un environnement orienté résultats. Missions du poste Participer à la collecte, au nettoyage, à la...",https://www.emploi.cm/offre-emploi-cameroun/stagiaire-economie-mathematique-dschang-1160817,2026-04-01,emploi_cm,2026-05-22T10:50:20.044266
176,d1cbe62844030692,Superviseur de Fonds - Benin,Sasa B2E,International,Bac+3,Banque - Comptabilité - Finance - Gestion - Gestion Financière - Rapports Financiers - Risques Financiers - Trésorerie,"Nous recherchons un Superviseur de Fonds rigoureux et proactif pour l’un de nos clients, afin de gérer les opérations de trésorerie de l’entreprise et assurer son efficacité financière. Le candidat idéal supervisera les mouvements de fonds, maintiendra des registres financiers précis et soutiendra la performance financière de l’entreprise grâce à une gestion efficace des liquidités et à une coordination optimale avec les banques et les équipes internes. Missions Gestion des fonds Organiser la collecte, le versement et le transfert des fonds sous la direction du Manager Finance Examiner les chèques des clients, les déposer à la banque et assurer le suivi des opérations jusqu’à...",https://www.emploi.cm/offre-emploi-cameroun/superviseur-fonds-benin-1161315,2026-04-01,emploi_cm,2026-05-22T10:50:20.044266
177,5cfd609df3edd660,Marketing Chargé d’Annonces (H/F) - Yaoundé,Chicaparts Africa,Yaoundé,"Qualification avant bac, Bac, Bac+1, Bac+2, Bac+3, Bac+4 & Bac+5 et plus",Communication - Marketing - Marketing Digital,"Chicaparts est une conciergerie spécialisée dans la location meublée d’appartements et de maisons. Créée en 2017, nous sommes une startup dynamique en pleine croissance. Notre mission est de garantir des séjours de qualité aux voyageurs tout en offrant à nos partenaires propriétaires une tranquillité d’esprit et une optimisation de leurs revenus locatifs. Nous proposons une offre complète de services incluant : la préparation des logements, la création et gestion d’annonces sur les plateformes de réservation, la gestion des réservations, l’accueil des voyageurs, l’assistance client, le nettoyage professionnel, la blanchisserie ainsi que la maintenance des logements. Nos activités couvrent trois...",https://www.emploi.cm/offre-emploi-cameroun/marketing-charge-annonces-hf-yaounde-1158872,2026-03-25,emploi_cm,2026-05-22T10:50:20.044266
178,2e47aa48ff05c933,Gestionnaire Immobilier (H/F) - Yaoundé,Chicaparts Africa,Yaoundé,"Bac+3, Bac+4 & Bac+5 et plus",Accueil - Assistance - Conciergerie - Entretien - Formation - Hôtellerie - Location - Maintenance - Nettoyage - Réservation - Tourisme,"Chicaparts est une conciergerie spécialisée dans la location meublée d’appartements et de maisons. Startup dynamique créée en juillet 2017, elle a pour mission de garantir des séjours de qualité aux voyageurs tout en offrant à ses partenaires propriétaires une tranquillité d’esprit ainsi qu’une optimisation de leurs revenus locatifs. Dans ce cadre, Chicaparts propose une gamme complète de services, notamment : Préparation des logements Publication et gestion des annonces sur les plateformes de réservation Gestion des réservations Accueil et départ des voyageurs Assistance aux voyageurs Nettoyage professionnel des logements Service de blanchisserie du linge de maison Maintenance des logements L...",https://www.emploi.cm/offre-emploi-cameroun/gestionnaire-immobilier-hf-yaounde-1158865,2026-03-25,emploi_cm,2026-05-22T10:50:20.044266
179,99f8a7ac7a7abcf3,IT,,,,,,https://cm.talent.com/view?id=f1bfcb680ec4,Il y a plus de 30 jours,talent_cm,2026-05-27T14:28:29.447954
180,c8b5d26fe0acdff4,Ingénieur GMAO ou EAM IFS (Stagiaire professionnel),Lapaire Group,,,,,https://cm.talent.com/view?id=621096642909114392,2026-04-12T13:10:36Z,talent_cm,2026-05-27T14:28:29.447954
181,4fd3797ff3bc1ee2,Responsable juridique,Control Union,,,,,https://cm.talent.com/view?id=bfb27c3c5664,2026-03-19T13:46:18Z,talent_cm,2026-05-27T14:28:29.447954
182,bae98d33257d0c48,Assistant.e de projet (H/F),Cuso International,,,,,https://cm.talent.com/view?id=620158714501342159,2026-04-01T01:31:57Z,talent_cm,2026-05-27T14:28:29.447954
187,f70801d1d17221d8,Marketing agents,Local company,"Douala, Cameroon",,,,https://newjobscameroon.com/job/marketing-agents/,"Aug, 30",newjobscm,2026-05-27T14:32:39.278109
188,6b434c6ddb3e3ed2,Commercial MOTO,Local company,"Douala, Cameroon",,,,https://newjobscameroon.com/job/commercial-moto/,"Aug, 26",newjobscm,2026-05-27T14:32:39.278109
189,cba1269066325749,Assistante Marketing et Commerciale,Local company,"Douala, Cameroon",,,,https://newjobscameroon.com/job/assistante-marketing-et-commerciale/,"Aug, 26",newjobscm,2026-05-27T14:32:39.278109
190,f8c33f4c075986d4,Marketing Manager,Local company,"Douala, Cameroon",,,,https://newjobscameroon.com/job/marketing-manager-3/,"Aug, 26",newjobscm,2026-05-27T14:32:39.278109
191,8848062f83795299,Market Specialist Agriculture,Local company,"Douala, Cameroon",,,,https://newjobscameroon.com/job/market-specialist-agriculture/,"Aug, 26",newjobscm,2026-05-27T14:32:39.278109
192,3981a1e46f3aa0c4,Manager,Local company,"Douala, Cameroon",,,,https://newjobscameroon.com/job/manager-3/,"Aug, 14",newjobscm,2026-05-27T14:32:39.278109
193,a73c1e2df3a39852,EXPERIENCED ACCOUNTANT,Local company,"Douala, Cameroon",,,,https://newjobscameroon.com/job/experienced-accountant/,"Aug, 14",newjobscm,2026-05-27T14:32:39.278109
194,5090423ba6d69d27,Project Management Specialist (Health - Supply Chain),Local company,"Douala, Cameroon",,,,https://newjobscameroon.com/job/project-management-specialist-health-supply-chain/,"Aug, 14",newjobscm,2026-05-27T14:32:39.278109
195,b035e67be8609f27,"Recruitment notice: 80 Administrative, Financial and Logistics Executives - General Population and Housing Census",Local company,"Douala, Cameroon",,,,https://newjobscameroon.com/job/recruitment-notice-80-administrative-financial-and-logistics-executives-general-population-and-housing-census/,"Aug, 14",newjobscm,2026-05-27T14:32:39.278109
196,7cd44ae746286532,Support Engineer,Local company,"Douala, Cameroon",,,,https://newjobscameroon.com/job/support-engineer/,"Aug, 14",newjobscm,2026-05-27T14:32:39.278109
197,1f0ddbff533ed6b0,Field Security Advisor,UNICEF,"Douala, Cameroon",,,,https://newjobscameroon.com/job/field-security-advisor/,"Aug, 04",newjobscm,2026-05-27T14:32:39.278109
198,d2db3105e0ac050a,IT Solutions Sales Engineer,Local company,"Douala, Cameroon",,,,https://newjobscameroon.com/job/it-solutions-sales-engineer/,"Aug, 04",newjobscm,2026-05-27T14:32:39.278109
199,a834ef08b11d94b9,QUALITY CONTROLLER RECRUITMENT,Local company,"Douala, Cameroon",,,,https://newjobscameroon.com/job/quality-controller-recruitment/,"Aug, 04",newjobscm,2026-05-27T14:32:39.278109
200,eb8adb868e1d259b,Sales Manager,CÔTE OUEST AUDIOVISUEL,"Douala, Cameroon",,,,https://newjobscameroon.com/job/sales-manager-7/,"Aug, 04",newjobscm,2026-05-27T14:32:39.278109
201,cbd14481efda98f0,Field Coordinator North-West/South-West Regions,International Rescue Committee,"Douala, Cameroon",,,,https://newjobscameroon.com/job/field-coordinator-north-west-south-west-regions/,"Aug, 04",newjobscm,2026-05-27T14:32:39.278109
202,aa0953007d50d6fa,Emergency Response Manager,Plan International,"Douala, Cameroon",,,,https://newjobscameroon.com/job/emergency-response-manager-4/,"Aug, 04",newjobscm,2026-05-27T14:32:39.278109
203,93b6fbb3f77fd68c,Information Management Officer,Local company,"Douala, Cameroon",,,,https://newjobscameroon.com/job/information-management-officer-4/,"Aug, 04",newjobscm,2026-05-27T14:32:39.278109
204,3d3268a916fea389,Information Management Officer – National – Intersectoral Information Management Support Unit,Local company,"Douala, Cameroon",,,,https://newjobscameroon.com/job/99/,"Aug, 04",newjobscm,2026-05-27T14:32:39.278109
205,ff67385a65eff9b8,Cash collectors,Local company,"Douala, Cameroon",,,,https://newjobscameroon.com/job/cash-collectors/,"Aug, 04",newjobscm,2026-05-27T14:32:39.278109
206,118c036a59339189,Editor,Local company,"Yaoundé, Cameroon",,,,https://newjobscameroon.com/job/editor-2/,"Aug, 04",newjobscm,2026-05-27T14:32:39.278109
599,f3a834fca907dd21,Stage Professionnel - Yaoundé et Douala,Wenu Global,Douala & Yaoundé,"Qualification avant bac, Bac, Bac+1, Bac+2, Bac+3, Bac+4 & Bac+5 et plus",Communication - Marketing - Télémarketing,"Nous recherchons un Stage Professionnel p our rejoindre notre équipe. Ce poste implique la participation à des projets innovants dans le domaine des nouvelles technologies, du marketing et de la communication, tout en offrant une expérience pratique aux étudiants et jeunes diplômés. Le stage se déroule dans un environnement dynamique, favorisant l'apprentissage et le développement professionnel. Missions : Participer à la conception et au développement de solutions informatiques adaptées aux besoins de l'entreprise. Contribuer à la mise en œuvre de stratégies marketing et de communication numérique. Soutenir les activités de télémarketing et de téléassistance pour améliorer la relation client. Collaborer avec...",https://www.emploi.cm/offre-emploi-cameroun/stage-professionnel-yaounde-douala-1185491,2026-05-26,emploi_cm,2026-05-27T16:48:39.761445
603,370ea4013b032ace,Ambassadeur du Développement Web et de l’Innovation Digitale - Douala,Start-Up Edtech,Douala,Bac+2 & Bac+3,CSS - HTML - JAVASCRIPT,"Nous recherchons un Ambassadeur du Développement Web et de l’Innovation Digitale pour rejoindre notre programme. Ce poste implique la participation à des projets numériques à fort impact éducatif et professionnel, tout en évoluant dans un environnement dynamique et stimulant. Missions : Participer à la création, à l’amélioration et à la maintenance de plateformes web innovantes. Contribuer activement à des projets digitaux à forte valeur ajoutée dans le domaine éducatif et professionnel. Collaborer étroitement avec une équipe créative et dynamique pour mener à bien les initiatives numériques. Développer et renforcer ses compétences techniques en utilisant des technologies telles que HTML, CSS, JavaScript,...",https://www.emploi.cm/offre-emploi-cameroun/ambassadeur-developpement-web-innovation-digitale-douala-1185832,2026-05-26,emploi_cm,2026-05-27T16:48:39.761445
604,2801fcd43e09b059,Commercial - Yaoundé et Douala,Afrtitech,Bafoussam - Douala & Yaoundé,"Qualification avant bac, Bac, Bac+1, Bac+2, Bac+3, Bac+4 & Bac+5 et plus",Communication - Marketing,"Nous recherchons un Commercial pour rejoindre notre équipe. Ce poste implique la vente de produits digitaux, avec une rémunération comprenant un salaire de base et d'importantes commissions récurrentes. Il s'adresse à des jeunes passionnés souhaitant évoluer dans un environnement dynamique et innovant. Missions : Prospecter de nouveaux clients potentiels dans les régions de Yaoundé, Douala et Bafoussam. Présenter et promouvoir nos produits digitaux auprès des prospects et clients. Assurer le suivi et la fidélisation de la clientèle existante. Participer à des événements et actions commerciales pour augmenter la visibilité de l'entreprise. Collaborer avec l'équipe pour élaborer des stratégies de vente...",https://www.emploi.cm/offre-emploi-cameroun/commercial-yaounde-douala-1185860,2026-05-26,emploi_cm,2026-05-27T16:48:39.761445
605,036b1901dccb0f7e,Assistant Pédagogique et E-learning LMS Moodle - Douala,Start-Up Edtech,Douala,Bac+4 & Bac+5 et plus,Formation - Modules de Formation - MOODLE,"Nous recherchons un Assistant Pédagogique et E-learning LMS Moodle pour rejoindre notre équipe. Ce poste implique la gestion et la coordination de formations en ligne via la plateforme Moodle, ainsi que l'accompagnement pédagogique des utilisateurs. Il nécessite de travailler dans un environnement dynamique axé sur l'éducation et la formation. Missions : Assurer la gestion et la mise à jour des contenus pédagogiques sur la plateforme Moodle. Accompagner les enseignants et les apprenants dans l'utilisation de l'outil LMS Moodle. Participer à la conception et à l'organisation des modules de formation en ligne. Assurer le support technique et pédagogique pour les utilisateurs. Contribuer à l'...",https://www.emploi.cm/offre-emploi-cameroun/assistant-pedagogique-e-learning-lms-moodle-douala-1185803,2026-05-26,emploi_cm,2026-05-27T16:48:39.761445
606,eb1e9f6e54713408,Assistant de Direction Bénévole Stagiaire - Yaoundé,Aamesp,Yaoundé,"Qualification avant bac, Bac, Bac+1, Bac+2, Bac+3, Bac+4 & Bac+5 et plus",,"Nous recherchons un Assistant de Direction Bénévole Stagiaire pour rejoindre notre équipe. Ce poste implique de soutenir la gestion administrative et organisationnelle au sein de notre structure, tout en contribuant à la coordination des activités quotidiennes. Il offre une opportunité d'apprentissage dans un environnement dynamique et engagé. Missions : Assister la direction dans la gestion quotidienne des tâches administratives et organisationnelles. Participer à la planification et à la coordination des activités de l'association. Contribuer à la préparation des réunions et à la rédaction des comptes rendus. Supporter la communication interne et externe de l'organisation. Participer à la gestion des...",https://www.emploi.cm/offre-emploi-cameroun/assistant-direction-benevole-stagiaire-yaounde-1185331,2026-05-26,emploi_cm,2026-05-27T16:48:39.761445
607,290ec867516692fe,Junior Embedded Developer (Traineeship Program) - Bangangté,Clemios,Bafoussam - Bamenda - Buéa - Douala & Yaoundé,"Bac, Bac+1, Bac+2, Bac+3, Bac+4 & Bac+5 et plus",C++ - Circuit Électronique - Conception Électronique - Électrotechnique - ETHERNET - Génie Électrique - IOT - PCB,"About This Role This is a 12-month paid internal Clemios traineeship designed to develop embedded software engineers through hands-on work on real client projects. This is not the Clemios Academy consortium programme. This is how Clemios trains its own engineers internally to meet market demand. Top performers are offered permanent placement at the end of the programme. Responsibilities Build firmware for EV chargers, gateways, industrial controllers, and IoT devices Participate in the full development lifecycle: requirement analysis, PCB design support, firmware coding (C/C++), and communication stack implementation (CAN, LIN, SPI, I2C, Ethernet, MQTT, OCPP) Learn modern engineering practices: CI/CD pipelines, version...",https://www.emploi.cm/offre-emploi-cameroun/junior-embedded-developer-traineeship-program-bangangte-1185364,2026-05-25,emploi_cm,2026-05-27T16:48:39.761445
615,8623abde8b13bd83,Stagiaire dans l´Entreprise de Technologie ATC Hub - Yaoundé,All Technologies In Cameroon Hub,Bafoussam - Bamenda - Bertoua - Buéa - Douala - Ebolowa - Garoua,"Qualification avant bac, Bac, Bac+1, Bac+2, Bac+3, Bac+4 - Bac+5 et plus",Comptabilité - Finance - Gestion - Rédaction - Vente,"Nous recherchons un Stagiaire dans l'Entreprise de Technologie ATC Hub pour rejoindre notre équipe. Ce poste implique de soutenir nos projets technologiques, d'assister dans le développement de solutions innovantes et de participer à des activités de recherche et développement dans un environnement dynamique et stimulant. Missions : Contribuer à la conception et au développement de nouvelles applications technologiques. Participer à l'analyse des besoins clients et à la rédaction de cahiers des charges techniques. Assister l'équipe dans la mise en œuvre de solutions informatiques et technologiques. Effectuer des tests et assurer la validation des produits développés. Participer à la veille...",https://www.emploi.cm/offre-emploi-cameroun/stagiaire-entreprise-technologie-atc-hub-yaounde-1184772,2026-05-25,emploi_cm,2026-05-27T16:48:39.761445
616,be7e02936f6cf137,Hôtesse - Douala,Men Builder Sarl,Douala,"Bac, Bac+1, Bac+2, Bac+3, Bac+4 & Bac+5 et plus",Accueil - Tourisme,"Nous sommes à la recherche des Hôtesses. L'hôtesse est le premier point de contact avec le public, les clients ou les visiteurs de l'entreprise ou de l'événement qu'elle représente. À ce titre, elle incarne l'image de marque et la qualité du service. Le poste peut s'exercer dans différents environnements:",https://www.emploi.cm/offre-emploi-cameroun/hotesse-douala-1106645,2026-05-25,emploi_cm,2026-05-27T16:48:39.761445
617,ecdc01b572cb58c8,Contrôleur de Gestion - Douala,Men Builder Sarl,Douala,"Bac+3, Bac+4 & Bac+5 et plus",Analyse des Coûts - Comptabilité - Finance - Gestion - Gestion Budgétaire - Gestion Financière - Rapports Financiers - Suivi Financier - Techniques de Gestion,"Nous recherchons un Contrôleur de Gestion pour rejoindre notre équipe. Ce poste implique la supervision et l’analyse des performances financières, la gestion des budgets, ainsi que la mise en place de stratégies pour optimiser la rentabilité. Le candidat travaillera dans un environnement dynamique, en étroite collaboration avec les départements financiers et opérationnels. Missions : Analyser les écarts entre les budgets prévisionnels et les résultats réels pour identifier les axes d’amélioration. Élaborer et suivre les indicateurs de performance clés pour différents départements. Participer à la préparation des budgets annuels et à leur suivi tout au long de l’exercice. Fournir des rapports...",https://www.emploi.cm/offre-emploi-cameroun/controleur-gestion-douala-1184651,2026-05-25,emploi_cm,2026-05-27T16:48:39.761445
893,e1ffc079b3137422,Business Development Manager - Software Sales - DRC,ProgressSoft,,,,,https://cm.talent.com/view?id=72cf35cab888,2025-04-07T09:18:58Z,talent_cm,2026-06-01T20:05:35.187163
